node,out_degree
0,9
6420,610
2941,1
3051,149
5511,1350
1020,129
4726,27
5968,149
5543,188
4089,3
6251,17
180,111
1712,59
2287,4
3552,39
4395,148
3920,135
6148,190
771,1489
5208,154
790,98
4069,169
4522,16
6203,5
4496,16
1082,108
5175,34
3274,10
2173,8
2560,655
1465,40
3623,63
2831,4
1115,182
2944,2
4716,90
4463,15
77,2
2,16
5079,16
2842,46
475,20
5911,15
6454,0
1041,52
2856,28
6040,10
4059,5
813,102
479,254
609,33
6528,0
2807,26
1721,64
1992,56
3,2
412,112
45,31
2367,488
996,72
2161,1393
4421,37
4445,10
6101,19
3356,245
3905,112
3138,56
2119,97
6442,2
327,46
3550,290
2650,673
3629,16
4239,61
3857,418
2907,265
5383,8
5571,39
1751,549
3754,63
3087,182
4047,193
4717,308
5,5
3582,14
514,19
4660,4
183,81
6271,26
5827,16
3523,21
257,25
6310,22
5794,4
3476,140
5710,0
471,33
3312,4
5069,2
1133,112
6090,2
4811,0
3776,4
663,31
6,5
1482,27
1284,511
4451,239
7,12
2228,39
3350,126
6403,15
768,48
1025,486
4615,4
64,66
1485,8
1240,109
2374,229
8,20
4018,28
612,615
5908,47
2825,16
1253,50
5207,2
5756,7
5530,4
1195,9
2012,16
3551,20
2238,19
1155,167
4918,75
1100,320
179,25
4214,26
4813,11
2257,99
9,33
3253,43
2568,32
766,81
4953,40
1573,80
1056,2
3995,42
3329,7
1276,13
877,16
1969,71
3952,30
5582,32
4663,20
5384,16
5130,19
287,35
5385,14
6084,26
3313,2
1127,60
6056,3
6466,6
4329,3
1320,14
2108,22
6281,6
10,33
3510,11
142,265
1890,132
398,47
5516,77
4453,168
5554,82
5094,20
938,269
2799,322
2459,258
361,17
3959,6
2712,84
188,100
3046,10
1808,34
3459,308
98,133
1616,132
4719,82
577,60
586,99
1875,3
4443,19
998,84
1917,9
399,49
2448,136
5578,23
6165,15
4724,6
6108,2
3472,115
3388,42
3984,13
1726,54
5388,48
3575,37
1285,66
1015,164
5792,1
2661,15
3096,16
210,82
3780,42
1939,111
5188,17
1440,235
6121,7
421,178
4840,8
2897,15
3904,59
2061,10
219,114
4960,48
6126,3
5266,16
1548,127
5679,24
1147,46
3714,8
5310,502
5708,14
4004,39
1150,52
4565,75
4211,77
5096,1
4296,47
3861,24
165,13
4110,34
1261,278
2496,33
3390,77
5320,5
539,364
940,91
4998,5
1121,11
3172,8
516,53
4117,15
730,7
2614,142
931,45
1314,78
5121,8
2259,42
4586,79
3746,8
3931,81
6474,1
6164,4
5095,78
1183,148
1990,60
4692,19
4354,36
761,80
6291,0
959,27
5535,7
5014,22
4227,7
4895,7
5440,16
3351,37
6405,2
2319,52
3164,12
874,67
4334,32
571,48
2323,33
4236,41
5254,8
5660,2
2853,38
4048,42
2847,60
2956,126
4529,14
554,114
580,29
6326,1
2965,13
4827,10
6354,2
1449,27
1227,38
5034,313
4292,19
2972,181
3634,41
194,33
4622,10
132,109
2292,36
1974,42
3298,91
5652,29
1170,74
5914,10
6219,24
2043,560
5804,30
6433,98
5037,32
1633,22
4127,13
3963,8
2438,56
1993,18
1687,144
1679,19
3637,37
312,15
12,16
1208,25
2594,21
3771,9
440,3
2940,14
2372,28
3367,2
2075,14
1946,29
1856,5
6169,0
2727,1
5894,29
426,33
3546,13
13,32
86,74
5572,15
5445,74
5418,43
4839,3
5536,35
4989,6
4624,16
3061,13
4583,72
2022,29
4075,44
1450,55
1953,38
910,69
4974,2
4913,9
869,8
6279,140
3148,2
4978,15
6440,1
3449,17
234,22
6517,0
15,6
4253,46
5426,27
3968,23
5419,4
16,76
3592,230
592,71
5519,27
1825,86
4405,29
5005,10
4248,142
2049,213
1934,167
2639,62
3992,118
2055,244
2720,35
3701,169
5190,7
2788,34
3769,10
2532,33
1652,34
1358,110
1553,0
5055,48
3004,169
5873,5
4342,8
4434,11
3239,49
5103,9
6269,40
285,213
5105,14
4846,57
17,18
2552,48
112,24
5988,12
5260,5
389,5
6526,0
3258,0
3578,17
1931,46
2065,16
5867,2
4659,5
18,9
2692,0
1108,30
5680,1
2653,24
5807,3
690,28
19,11
4120,20
2115,19
4600,5
214,82
1707,14
1781,12
153,1
225,18
21,24
3868,10
3276,27
726,69
1983,172
131,74
22,5
1719,338
1386,157
2436,33
1070,14
6469,0
4200,4
6337,4
204,112
1705,23
2230,19
100,45
4799,12
2470,134
5291,5
23,43
695,20
241,121
2681,9
3259,86
74,58
3034,95
2606,102
2885,29
2157,63
2301,28
4454,83
5767,7
5397,20
1430,53
2460,53
3935,269
4417,8
6140,6
2468,95
3677,27
4413,10
2365,67
5828,17
1780,39
24,9
2584,109
5217,11
1156,161
3588,39
3170,3
1837,52
5161,0
5936,4
25,34
192,64
420,323
92,288
4163,37
4179,29
4854,16
5684,10
1504,25
431,234
818,105
4009,34
26,7
1670,103
6315,0
3296,5
2770,39
1802,63
1527,29
27,15
6325,5
2773,39
4261,10
892,23
118,70
3316,48
6476,0
3017,17
28,9
5487,11
3642,20
6329,1
1032,79
4835,12
1877,13
3188,21
5601,2
205,1
2244,28
30,13
2608,36
1667,32
2352,37
4783,4
3867,3
3305,16
3695,6
1356,27
1972,132
3391,21
590,16
2682,49
5677,12
1000,37
3927,73
3679,24
5230,23
1824,399
3385,36
2096,71
5062,8
6423,15
2984,31
4457,18
2102,30
4034,24
4584,19
2414,17
3761,61
3536,20
2404,65
169,49
668,7
871,188
988,4
4333,9
1058,0
6197,32
744,17
1446,74
528,11
964,118
4697,17
6538,110
2234,94
4737,9
760,47
1610,128
4896,18
2495,32
3013,69
2917,95
5414,8
32,6
1665,46
1724,12
3365,47
2475,12
33,29
4064,30
1242,34
591,34
3427,10
411,49
3680,55
1334,10
2149,12
3792,37
1660,11
4363,19
3986,9
763,65
5042,10
369,176
34,15
3888,11
5252,12
5407,6
5314,4
1915,11
5206,23
4506,40
4458,6
5009,5
865,156
3877,2
2181,33
779,8
1748,11
35,15
1538,22
3292,13
3941,12
4346,17
36,10
4685,10
441,25
5430,5
5893,11
37,3
2098,9
1233,134
38,462
4440,22
4063,6
4505,17
5272,8
5274,7
394,32
3277,14
805,58
2871,28
401,36
5281,13
2455,13
406,36
4825,7
193,31
3287,10
2466,26
820,59
5691,46
1245,38
2638,5
5859,1
2297,13
2062,4
2898,213
4097,28
4845,1
6128,1
4972,3
3308,14
2071,30
6136,0
1252,42
5315,12
3722,25
4483,23
128,10
1690,42
846,61
41,80
4488,31
4114,27
2769,15
5613,35
5728,17
2503,31
5326,1
351,30
53,24
5236,4
1282,67
2097,8
2512,23
4126,5
4977,10
6106,1
1244,21
460,34
5342,8
5343,32
1695,21
5353,8
4331,31
5351,7
2114,25
1303,35
2116,95
2952,43
4905,17
1699,102
6224,6
2011,1
5478,5
4146,20
2538,31
3990,28
2124,138
5758,1
262,34
2321,2
486,30
1372,22
1325,34
896,30
6185,0
898,69
5137,2
3781,9
5489,8
4928,3
4930,4
6215,0
4689,2
4546,6
5417,2
5381,8
3617,17
2330,15
1725,9
4945,9
731,20
6229,3
1341,56
1342,64
1343,47
2583,35
2866,0
4185,3
4187,40
3262,29
6244,0
1746,53
3895,19
1360,47
5690,3
4202,46
2507,68
2179,84
5821,3
535,38
2123,8
3010,35
1756,47
6258,0
4981,13
2605,12
3097,3
1761,18
5322,3
94,18
5832,5
5823,26
2480,3
1769,29
2680,25
2333,8
5454,5
3710,9
5422,9
2271,34
3433,67
5424,3
2619,31
2202,26
2331,5
5008,15
4221,19
1019,29
1394,23
2683,25
5927,3
258,18
979,31
3853,11
4234,23
1910,69
870,3
5446,3
4609,10
2233,14
1405,96
2686,40
2915,62
6317,2
3907,17
5777,0
4254,15
6322,0
1991,3
3080,1
5604,4
588,9
4623,7
2246,12
5466,6
1419,11
5468,9
1421,43
1422,25
2665,35
3878,13
1822,22
2253,66
5057,17
203,24
5356,1
3475,2
3093,41
5481,4
2263,26
1832,28
5296,8
4926,12
5075,11
3899,8
4647,9
4601,16
1840,41
1841,28
4655,19
2687,21
620,11
5085,11
2397,33
1847,49
277,36
6360,68
3910,6
5495,6
702,76
4662,51
628,23
3501,38
231,50
6060,3
3506,37
1524,23
2704,5
5558,0
3917,203
2285,4
2707,9
6431,0
5108,26
1464,61
1055,96
6139,2
1863,5
4793,19
5517,4
6488,4
4406,10
6386,1
4317,6
3116,5
4320,33
1879,24
6104,1
5500,29
2728,20
3998,8
1474,190
1072,57
5811,101
4698,3
259,25
5955,5
853,2
3158,24
6404,1
2318,45
1263,84
3947,22
4150,66
5548,10
675,25
4956,1
1900,20
4339,8
4651,27
5974,3
4216,20
2623,31
687,8
5156,19
3558,35
4714,20
2753,66
3969,10
4345,5
1913,25
3856,11
2762,61
3497,2
2345,41
1919,5
255,41
4489,16
2360,12
4727,1
3983,14
5586,5
3573,10
3727,6
5182,12
4361,2
1935,12
3515,30
1940,25
355,119
3585,13
1140,22
1944,76
4658,12
6359,1
4002,17
1551,42
4381,8
5701,2
3219,13
5612,5
6190,2
3418,35
1429,56
4758,35
3611,16
1568,52
3614,19
4761,6
1163,75
5219,9
6013,7
197,0
4023,25
4024,18
5629,1
5631,10
4400,38
6498,0
3626,27
5229,1
3236,19
358,42
5250,7
4784,19
4032,19
2409,34
1998,3
6520,1
2418,122
5861,0
4420,17
770,12
3948,9
2422,10
3747,7
2424,8
6070,1
5590,6
6415,0
6265,1
2015,34
4778,10
5670,6
6542,0
2026,31
39,1
292,26
40,22
2442,32
6208,21
2993,115
3461,45
4410,90
640,39
4818,8
2703,19
3330,25
6276,13
705,79
1625,51
5232,7
3749,13
2570,35
4640,37
1681,3
1638,1
2990,41
923,26
480,15
519,51
281,32
1079,85
2647,59
718,18
2649,41
5479,4
5915,12
4168,4
2912,11
2079,15
418,141
42,8
3672,4
1142,5
43,3
5199,15
44,4
2048,47
5107,13
5387,6
2393,25
4,42
5549,1
3157,74
4957,8
4544,59
171,30
5077,4
5744,7
4497,2
3458,23
76,8
2355,19
4820,14
3122,37
1384,76
2763,27
3457,29
46,22
3846,7
167,147
4769,17
524,38
104,14
6153,0
157,6
5408,14
4595,12
920,23
5243,1
47,24
1005,93
3620,17
6124,4
6154,47
6501,72
915,12
549,22
4979,36
48,17
5244,5
5020,0
4019,13
472,119
49,28
4893,25
1513,74
2205,29
3489,11
1043,6
1771,37
1047,4
1226,33
3882,3
706,17
3632,21
283,23
3477,16
5712,19
3286,153
363,29
1211,63
134,54
5041,18
321,23
4017,13
2085,4
4136,0
5142,4
1596,13
272,47
3320,6
544,5
5610,29
889,61
2009,6
4571,14
52,18
6178,3
2864,57
2130,24
1741,2
5362,3
5330,9
1675,36
3100,18
4460,3
54,35
891,24
3539,35
4349,30
3327,14
6241,0
3564,21
4829,17
4160,14
4969,4
357,15
3186,50
3665,21
409,8
6419,1
6055,1
1668,38
2725,32
3319,2
5706,7
55,20
734,30
602,22
886,3
1078,33
465,22
2193,57
4197,4
56,12
1628,15
2598,12
2342,44
3989,8
1936,17
4003,18
3897,11
57,7
4383,14
428,23
4654,1
1566,12
58,48
347,38
5844,36
6147,1
4066,26
6270,3
4449,47
2298,131
6502,0
3471,10
6004,6
251,109
5847,25
6516,1
2310,16
3542,45
3712,55
2731,43
4613,24
3745,9
4107,39
4810,23
59,22
3699,44
899,24
5857,1
2529,75
2491,23
1932,13
5184,2
3250,4
1483,1
331,34
3859,19
229,38
1154,30
830,18
2311,39
2640,26
2240,31
2979,0
2918,19
344,8
84,34
60,10
962,27
5919,54
61,23
3022,1
1165,37
3467,15
152,9
6131,2
4408,19
1663,12
4759,7
62,23
5438,11
584,25
2867,92
3805,32
4492,2
5117,1
442,20
3918,8
1198,31
1921,37
4749,5
5508,0
3361,71
4030,28
2674,10
456,65
3648,5
1786,6
63,17
2401,26
5045,7
2761,76
6248,0
2094,17
5837,20
1777,31
2354,20
2916,70
5185,15
2891,5
6400,1
1736,24
1654,7
6071,5
3498,50
2430,62
2479,3
5865,12
6130,1
5308,3
2939,8
3748,14
6237,5
5449,9
736,53
1555,9
5497,43
1855,24
1171,84
4627,27
3664,7
4302,1
3422,17
6541,0
1190,13
3615,42
2088,27
1671,82
3408,29
901,76
4027,24
753,38
4269,37
2877,124
3631,8
1336,119
3338,49
2050,46
3576,34
4642,4
1071,109
3252,22
3847,38
1478,6
2371,25
5600,27
3673,58
4096,3
3908,42
1491,25
3039,35
1656,18
303,11
1745,40
677,41
2488,7
1904,12
3134,11
3773,29
3883,66
3916,12
5661,7
5693,5
958,44
1760,30
65,46
6037,2
1271,33
4677,12
2191,41
5114,16
4774,37
4871,6
3751,11
502,4
5059,8
4942,2
3389,13
307,8
2138,61
5242,0
4901,8
778,24
5027,6
1036,66
2072,22
6158,3
1967,55
66,20
3025,106
1834,17
6349,2
336,44
2047,20
2813,24
6441,0
2627,28
67,37
5016,7
6205,0
3227,26
3442,13
1814,46
1839,30
4705,3
320,53
6217,1
3209,3
3334,67
3397,14
246,230
4076,15
3168,132
862,11
1803,25
3840,13
68,8
436,18
3666,9
69,1
70,45
3675,4
2194,40
5313,15
3133,13
449,10
600,23
5650,46
1607,81
1432,22
3045,6
843,1
6467,13
2878,14
3852,13
5017,12
1704,15
5884,2
5264,7
650,7
4566,9
6475,0
2214,23
4803,4
467,48
5723,10
1911,48
1355,24
4067,7
4877,18
1179,36
2423,44
4078,29
2569,26
4944,16
4923,12
3130,17
2315,19
6068,23
3003,13
3171,8
4151,65
3603,16
1288,42
5410,19
5989,6
72,5
5416,5
73,6
2622,13
2873,13
3705,2
3465,23
3687,2
1377,9
5000,9
2876,13
5531,2
4081,1
3149,10
4870,25
6173,24
5796,1
1018,144
3896,27
3732,54
2526,32
4025,21
3212,88
4258,11
1496,37
4687,18
2229,17
145,59
532,7
3270,31
3719,8
2386,18
6069,6
1083,75
693,78
75,18
1331,42
5814,5
3685,2
3517,4
1274,30
95,83
3304,34
5923,1
110,28
1298,9
960,59
4921,20
6424,0
3027,1
5588,15
78,71
5221,1
6151,97
2574,15
4542,13
4975,2
1872,88
5007,0
5736,6
4599,21
5065,5
5639,14
410,278
659,26
2833,26
3400,25
5810,5
3759,27
3101,17
2778,4
1392,26
5442,1
6303,63
4376,5
1945,103
332,113
4384,3
1409,4
2601,35
2911,13
1788,64
3434,1
4788,44
6422,1
282,34
1809,12
79,3
80,34
2133,59
1074,16
20,13
4465,14
5539,26
1166,1
5140,7
2113,29
5302,4
2899,46
6272,26
268,30
596,30
5842,2
4029,19
5556,10
4340,2
2801,13
2204,8
3384,7
1397,2
1740,0
3197,12
427,50
81,17
3538,2
4355,3
4735,3
88,63
3109,17
2585,18
1909,0
82,10
2407,6
4557,19
6134,4
755,6
4917,10
3508,1
3783,10
3410,26
3999,9
2340,54
4563,41
2025,15
83,9
2017,10
6017,5
1713,29
3280,13
3779,34
3922,24
3898,6
3902,0
2641,6
3353,10
1770,31
5743,7
1470,12
2262,33
5614,8
4534,3
2729,15
4367,6
5070,21
1080,78
1639,17
4042,10
1812,20
823,4
2031,25
2453,14
2874,12
1876,8
5521,1
2672,27
1683,14
3023,9
1729,27
2677,18
108,25
1219,13
4954,6
1345,71
6401,0
3645,18
1196,47
1500,2
2737,5
729,35
5082,9
4527,34
3507,8
3970,17
1104,89
1766,44
3829,64
4348,15
4159,75
1321,68
2536,25
3627,30
3630,34
5067,6
3527,26
2462,16
866,62
3725,23
5394,3
3763,23
1249,23
929,0
2792,38
4193,2
4473,4
4970,8
1958,20
1661,87
3863,8
5427,4
1563,13
2798,19
4210,11
87,7
3650,20
814,8
4229,14
4432,3
3037,32
4782,8
3193,24
4925,8
4699,2
669,67
3203,8
3491,21
3291,7
3358,13
4051,20
1711,2
1477,28
89,15
3455,15
500,43
90,1
91,5
4952,1
5711,17
6232,1
1810,16
587,57
6327,1
804,36
3874,9
2249,59
1424,8
1821,18
4450,7
4073,7
3346,13
4137,9
2458,30
2172,10
2261,22
816,41
2464,40
2001,38
6341,3
3691,13
414,19
2589,39
2380,12
417,41
5298,15
2444,28
5910,13
3340,37
825,18
4092,4
164,17
3453,3
1443,23
5916,1
3793,18
3086,8
1653,36
4472,1
3892,3
4231,14
4852,3
3716,6
5812,3
4664,3
433,32
3531,8
1857,29
4860,14
463,17
5627,5
4892,3
5727,2
5325,33
1676,73
3140,25
2362,6
652,8
5537,18
4879,11
3335,7
3524,12
4591,9
6098,0
2277,10
4129,56
2724,14
6168,4
5748,2
5697,5
6391,0
2946,26
3535,35
4890,5
1691,16
1296,25
2528,20
2531,35
1684,15
6407,1
5453,11
1698,10
2296,91
1306,42
1703,22
883,36
4149,7
4681,7
2609,5
1708,29
3366,28
2545,19
1401,26
3772,6
5772,4
582,22
4244,28
3374,70
6204,4
2554,32
3376,7
2260,29
1716,36
5166,6
4543,12
3786,9
5171,6
903,72
904,28
4936,8
6443,25
2109,23
1123,39
5761,0
2571,5
168,54
1730,14
6230,1
3399,14
3202,32
517,15
722,16
765,14
6016,0
6506,0
3808,18
5396,8
122,32
3409,13
5400,12
2378,6
529,14
3245,0
4006,2
1364,47
1559,38
3604,21
1960,17
4755,1
741,30
6479,1
3014,3
5829,2
4574,1
2101,24
1765,75
5359,6
547,3
5462,3
926,136
6496,0
954,64
5423,7
1978,7
1776,14
6049,0
311,50
2625,10
5237,4
5641,0
4407,12
2676,13
4287,7
2213,39
482,18
1522,12
6065,0
1141,15
4125,5
3854,26
5025,9
5945,4
378,36
3454,30
3788,28
4241,9
6473,3
5259,6
184,44
3806,13
2014,5
4245,12
3073,29
5456,14
3265,46
461,154
777,27
1290,8
3462,30
5461,15
4891,4
6009,4
1365,4
585,11
2717,39
3021,13
5526,2
395,40
2252,26
2454,40
2426,17
2836,0
662,12
832,10
5183,10
5633,6
2936,10
6338,0
301,33
1526,52
1828,4
3070,34
2358,7
4459,17
2067,6
4938,5
4836,18
3095,13
1445,2
5952,5
2989,58
3639,16
4734,10
5299,0
1178,38
2948,1
170,4
932,8
1838,33
4371,12
616,47
5917,0
5967,8
2587,23
5552,8
5151,8
3655,6
3217,9
5367,5
2435,2
1411,42
942,5
4040,26
4514,1
6321,1
5717,3
96,11
3152,19
97,5
2024,44
408,18
11,23
6374,0
3425,16
927,15
6073,5
4288,9
5850,7
1045,8
5707,6
99,79
5102,5
1957,7
3565,7
6273,22
5826,1
1717,9
5731,1
2042,34
4356,11
2812,38
2567,4
4588,4
4589,2
3289,14
4033,11
4585,16
4598,5
2746,95
6160,1
4282,2
4184,7
1738,6
2749,5
673,53
224,19
2903,9
177,54
4906,8
6189,1
4382,6
5169,6
6082,0
5667,1
6257,1
4194,4
6543,0
1046,10
3016,0
947,4
994,45
2981,12
4766,2
2142,57
5995,13
3787,7
3120,20
1982,8
1007,32
4218,8
2722,19
2784,10
6177,6
5541,4
2166,26
5083,1
4900,14
3591,19
3486,7
6025,0
432,32
6256,1
4673,13
101,13
1539,9
3644,10
1647,16
4545,7
102,32
5598,0
3182,52
3261,8
5174,19
103,25
2269,33
774,72
4856,10
2076,31
2465,32
2859,2
1135,89
1922,1
5909,11
249,59
785,12
4528,6
143,11
4028,6
105,5
2852,0
106,15
5648,6
5737,16
4270,8
6544,0
3758,10
5126,16
107,13
2556,8
2904,12
6221,3
3067,6
3600,8
1152,39
534,13
6548,24
5433,10
109,3
2765,1
6012,10
3132,5
6149,5
2713,9
6494,2
4924,8
445,0
1562,9
1937,35
111,10
490,9
1542,4
4878,5
3050,14
795,8
1869,34
154,18
2410,1
113,36
567,76
4121,15
1077,7
115,22
2709,16
3473,10
2618,3
6444,1
5770,3
1907,31
4175,8
284,13
116,7
4988,6
2327,23
117,3
2300,6
1986,37
817,9
1916,88
3975,5
1222,53
4312,7
3879,19
1874,7
5943,30
5425,8
1836,26
3850,8
2218,15
4308,5
4903,22
2738,10
5307,2
5921,3
119,135
746,42
1328,41
5471,8
4271,7
6515,0
3359,44
141,33
1344,42
4555,62
1442,24
2427,8
2794,50
4100,18
1251,29
4477,9
553,40
1367,33
1666,28
1160,49
3224,29
3791,5
2517,42
1659,38
3658,11
3945,14
2730,17
2913,4
6398,0
5523,1
2317,12
470,73
5349,4
484,23
1200,24
5150,7
680,32
1205,22
3072,23
2953,8
4915,8
4611,15
5039,8
732,84
120,83
3103,3
50,22
4931,17
3031,47
199,95
5843,2
1062,102
5589,7
1230,11
4166,24
1631,27
2882,58
3755,34
6344,4
4501,6
6333,1
1701,46
2004,5
4041,19
4941,32
928,45
3495,13
5447,19
6342,5
5507,5
2412,3
5565,12
2019,23
4162,3
658,70
121,40
1138,16
1134,4
949,1
140,21
3055,16
2348,12
2429,9
4801,8
5551,9
452,20
564,47
6394,1
801,14
2561,29
3884,5
2597,4
4436,2
4785,18
1622,20
123,24
1460,18
990,15
176,10
3231,7
5329,2
5913,6
1959,25
4638,15
124,28
5889,28
5573,3
2764,5
4341,31
3560,12
5111,8
5470,7
3220,3
126,16
1685,29
85,1
3937,1
127,9
4233,1
703,54
5510,3
4621,7
5369,7
2925,14
845,9
4087,1
977,5
1829,13
6375,4
764,21
130,2
6500,39
1461,5
5651,76
4396,17
1346,8
3105,3
1694,11
353,25
6043,3
5119,4
2068,11
3360,38
469,69
739,71
5498,2
4091,7
2432,25
5986,1
3440,19
5460,11
1868,5
1509,36
1435,36
6324,1
4442,9
4721,5
3028,38
3263,36
2200,32
4575,9
3243,17
4539,25
3483,11
4706,10
1544,27
3210,3
6447,0
2267,11
1552,17
4971,17
6061,3
3156,11
4157,27
1067,16
1926,28
2541,10
2834,34
1537,20
5596,0
4368,1
422,72
318,39
3955,11
2816,27
627,6
1975,3
1275,17
3081,4
4864,6
1051,89
6490,0
3735,10
4579,27
4402,9
4122,45
6389,0
4805,2
2518,15
4513,8
5019,26
1297,71
4605,7
5765,0
858,1
2654,11
791,2
2968,24
133,11
4494,23
2492,2
842,24
1035,6
5912,1
4250,11
876,18
4391,6
4203,4
135,2
1021,4
136,5
1330,16
5249,41
137,24
2804,21
4268,16
754,26
3064,37
2456,18
4290,12
3816,9
138,30
3764,6
556,13
1471,23
2232,4
737,6
4798,7
413,14
5200,3
900,22
6261,0
4851,8
907,3
3090,20
4471,13
3886,8
3800,2
692,8
721,47
924,13
403,18
4562,12
875,12
5316,5
2217,41
3266,29
2631,34
997,40
3278,26
5053,3
1224,11
4880,7
2255,33
5289,4
3482,11
2803,19
212,16
4283,5
5277,6
423,46
5086,6
598,11
885,8
943,76
190,1
1254,30
2002,16
2702,22
1458,21
5226,13
1264,45
2084,18
2066,1
638,18
4700,1
4875,10
3144,10
1065,9
3936,23
4885,11
2708,7
2103,24
1289,20
6172,1
5534,4
5344,1
2313,17
3160,15
1207,16
2735,35
5966,4
2771,2
3357,15
2537,45
1898,19
6418,0
696,26
1479,5
2760,35
1111,13
3951,7
6214,0
5376,0
1114,23
5721,2
379,68
1463,16
1340,26
6235,3
1540,16
315,14
2789,15
2516,4
6463,1
5202,4
1363,6
5406,6
5209,4
3007,14
6286,0
3822,16
3424,13
540,7
950,20
1753,10
1774,8
3837,0
965,11
4412,4
2439,8
769,27
2603,0
4608,7
2850,17
5775,2
4049,6
637,9
4219,20
2337,9
4479,13
6545,0
1817,11
1106,22
2902,17
4031,4
857,8
144,6
1672,1
4104,12
404,38
4866,6
930,0
1754,21
3929,9
852,4
2370,12
5694,3
4332,11
5354,2
5093,5
5333,19
146,25
4426,23
3957,29
6031,1
147,1
148,52
3583,8
3624,12
6336,0
158,12
2648,27
3294,38
873,32
6527,2
356,4
253,11
5609,34
5715,16
5931,6
4014,13
894,19
149,13
1266,11
3702,10
6047,0
2126,19
1323,12
150,5
270,26
5300,0
294,11
151,13
5956,2
1518,6
2041,36
4272,10
1801,12
5412,4
4310,3
4573,4
155,12
2248,33
156,18
6497,0
5778,2
4109,6
3060,8
3849,19
968,9
6334,0
159,11
2399,17
4335,3
1322,13
5742,3
5080,1
160,4
161,24
2695,13
6210,1
2184,18
162,6
6141,1
3063,12
3341,5
1873,25
5722,1
163,31
3470,6
4645,14
3682,11
559,46
3181,16
5165,1
1507,13
3484,9
3297,9
4276,47
3337,5
2905,19
2289,7
4532,5
3314,15
2185,5
166,10
970,22
5155,28
1515,1
501,29
897,20
3083,15
492,9
808,34
4884,1
295,94
6062,0
5283,9
905,19
4519,19
5899,21
2361,7
3696,6
3404,14
2957,33
6355,36
4967,6
530,64
6351,1
6024,3
1151,8
4666,6
6254,3
1903,3
3173,33
4873,5
2295,37
2822,7
3237,10
3930,11
6099,0
6289,1
2046,31
227,19
3943,16
1294,40
6063,11
2684,15
4314,5
5563,4
6534,0
3618,31
6245,8
1087,62
5547,5
5978,0
6525,0
1371,33
4920,13
1097,1
2920,9
5568,3
4259,4
6379,1
2452,4
2513,3
4950,14
1158,22
4843,8
2147,97
738,37
5258,14
1502,69
5525,3
1942,12
2914,17
4707,7
1248,6
1311,40
5239,8
2208,9
172,5
2155,10
173,20
5285,4
5542,3
5420,2
2937,1
1893,9
648,12
1119,20
2826,9
5091,2
174,38
3715,15
4850,9
1702,55
175,14
276,13
3290,5
3678,6
388,61
6518,0
676,2
799,14
622,71
2339,39
2137,33
5167,7
1582,22
1124,2
1012,35
2645,50
2955,33
1800,23
2750,9
4205,17
483,27
4439,18
178,17
3802,0
5305,3
6427,1
2058,8
1268,10
5628,4
2593,43
5656,24
2901,16
934,9
2540,9
2356,52
343,20
3782,23
5783,3
3572,9
608,30
5907,38
2268,21
6014,4
2520,14
1412,44
643,26
727,32
2795,21
4103,8
5317,5
5624,4
6376,0
2502,13
4679,18
2525,54
3445,46
5875,5
4533,10
5493,1
2971,6
182,37
2446,2
1060,36
1605,42
2967,13
4802,0
374,6
5391,2
453,11
3958,15
5506,0
2251,12
2515,25
5074,7
1591,43
3145,14
4230,33
2006,6
4285,14
6246,8
3803,29
6122,1
1324,14
185,30
324,32
6387,0
186,26
1193,17
6111,0
187,9
233,35
3971,12
3248,0
4823,11
4530,5
5587,49
4831,1
4833,3
4837,8
2168,22
2486,5
5201,3
5527,1
6179,3
2392,32
5110,9
3246,7
5109,0
848,8
260,71
4321,6
4425,7
2862,5
189,28
2304,17
5858,7
880,7
1006,4
221,34
562,23
3211,8
191,3
5051,8
3597,31
1976,15
3332,11
6366,0
2791,19
2573,68
2128,2
2152,3
5592,1
1129,34
2264,6
3490,2
6461,0
1096,11
685,13
274,10
4537,1
783,15
6472,1
3299,62
3315,7
4058,2
481,19
2283,30
288,21
1541,11
6458,1
4796,6
2744,18
2588,35
3870,1
5311,1
1250,36
1558,29
1887,10
1697,29
1075,37
4626,11
1090,151
195,1
196,12
6115,6
198,9
4725,19
684,58
2814,19
4842,6
4119,0
4756,49
5120,20
5123,4
3146,27
5015,7
2504,42
5355,20
4536,15
4806,49
4156,17
200,4
3681,18
201,1
6495,3
375,51
202,29
551,5
2721,18
700,23
5467,5
3331,13
1894,12
2668,5
1312,9
2656,13
1727,34
4086,12
6010,1
391,12
1948,27
3871,3
1914,12
1110,38
1354,13
5463,31
1128,37
4731,9
2892,17
2162,12
4650,57
1943,35
5922,0
5734,1
2175,32
3503,7
5611,3
3505,16
2390,8
6033,0
6368,0
3512,26
1747,21
2385,2
6278,0
6456,1
5003,1
566,12
2112,10
5149,2
4596,3
5251,20
29,14
506,42
4500,26
6328,1
3646,21
4043,18
552,6
271,34
3885,37
206,7
4441,4
207,3
208,8
2156,12
209,16
4304,7
3817,10
5224,17
3590,29
31,5
1388,5
455,31
1390,33
6410,0
211,15
1785,4
4124,2
291,16
4140,6
3008,2
3690,3
833,5
2755,4
213,20
3848,9
3663,5
1677,2
5257,0
1180,18
2125,19
3529,2
4568,7
5170,9
4520,39
5655,25
4398,7
293,27
2890,1
4099,8
5159,0
4007,10
5148,5
2059,51
2478,11
5703,5
3036,11
6445,1
5830,5
2851,6
3619,20
396,15
5195,1
4352,10
6226,3
5276,6
5957,0
5021,4
1844,16
2827,4
3066,7
4430,7
2819,0
6233,6
5409,7
6413,0
215,3
2932,10
216,7
2450,13
4255,2
218,23
3082,5
1223,11
3177,44
2169,5
607,11
3199,11
3810,9
542,15
3339,10
114,21
2188,10
1709,3
1176,43
4684,7
555,22
3940,8
3405,3
3348,13
888,15
3370,7
220,4
720,3
2849,8
6283,3
2196,29
222,13
1053,15
2016,12
3743,5
704,30
4192,9
223,12
3234,5
2054,60
5018,2
3516,17
1731,5
4570,6
6507,1
4690,17
863,7
3136,8
2900,14
5806,9
4388,2
3561,6
228,34
1580,20
725,4
5635,4
563,28
1999,60
3488,4
1380,26
1232,5
4280,18
819,64
230,9
4111,0
1858,75
664,5
2437,2
3159,16
3317,16
232,16
5868,1
2629,11
2190,56
3032,23
5763,2
2895,13
1406,16
4858,17
3962,13
641,14
2690,8
5204,0
6316,2
3688,15
4694,1
235,5
236,2
3415,5
1480,12
237,4
238,76
5724,4
2029,15
4773,6
2669,24
4325,11
3985,7
1137,21
6347,0
4411,11
3059,5
525,12
1602,18
4050,11
4054,2
3174,8
3355,30
3966,14
239,2
240,2
5871,1
3757,13
2976,17
4044,10
349,42
3889,5
3890,2
5292,10
3084,2
2481,18
1851,6
936,31
5798,11
2951,10
1459,22
4992,24
3325,20
1641,15
2145,14
1209,34
3255,29
1490,11
5145,21
890,28
5673,23
3030,5
242,21
1189,8
1849,4
5458,2
3318,1
243,5
3196,7
244,3
6249,3
2980,7
2670,8
245,3
252,3
5887,9
1819,27
1280,28
1630,10
5483,3
5903,6
4252,17
613,22
4144,0
6390,0
3494,1
5705,27
1842,2
1255,5
4294,6
4323,3
4867,2
3430,16
3328,4
3228,35
3925,6
4779,2
5941,1
2490,7
2302,1
5113,0
2027,7
4464,10
5546,3
4634,10
3953,6
4909,24
5769,22
3973,7
5374,5
6364,1
2977,28
1366,2
3189,66
6446,9
4949,11
1532,14
1533,23
5213,13
1169,16
4816,1
4965,2
5689,10
735,15
5452,26
5297,2
1162,15
5218,4
4764,7
546,16
3596,11
5286,2
2415,10
4770,4
4982,10
1603,17
5674,4
247,4
248,1
2555,28
1310,21
250,2
1912,52
5373,1
902,30
495,18
2942,12
5395,0
3180,8
5112,3
5135,0
1063,41
254,39
2477,23
1277,10
5203,5
3717,19
1181,36
4603,2
2467,15
2838,15
4326,8
6175,1
4629,9
2508,14
5220,5
2781,15
568,34
3544,12
5141,5
6471,6
683,53
256,10
3378,37
1088,1
5951,3
2846,27
1,12
2962,7
5579,2
3043,15
3652,21
5933,1
2135,10
5946,1
2417,23
3024,7
4196,21
1037,55
2347,43
2506,5
5528,3
5100,5
1484,36
6292,0
1892,6
6350,0
3068,23
3909,17
429,63
3819,22
5398,6
1757,32
3528,5
1674,3
263,25
3275,27
5788,1
4610,19
5637,5
6482,0
264,9
265,14
6335,0
266,9
2553,10
1011,29
267,14
2893,12
5626,0
1073,36
1488,42
1305,20
1985,1
4385,9
4155,35
3844,30
269,35
5222,0
955,21
3432,19
2863,0
4709,36
2868,10
4668,8
4849,0
2559,17
4572,2
4751,5
1710,15
5295,3
3919,10
4153,2
5163,7
3426,6
5116,2
3753,10
5900,2
328,3
6170,0
416,26
925,14
2651,13
2489,5
273,25
2095,1
1595,11
3598,19
3704,15
275,8
2117,16
1997,15
2078,58
944,8
5961,3
5227,7
2671,14
1095,25
6036,0
278,4
5732,10
2176,16
1789,3
6524,0
2408,21
5375,2
503,11
3720,5
3938,19
5187,2
487,27
5246,6
3166,14
5024,0
3226,4
6123,0
3288,36
4037,54
1815,31
1503,44
435,15
4702,9
1492,11
6450,0
3601,8
2245,22
1004,37
5060,3
4077,9
5484,4
6514,0
1642,22
834,85
6371,27
3537,2
4300,4
2985,11
3213,1
4498,7
4604,8
5747,2
2732,4
5340,1
3766,5
4943,15
1086,24
3647,8
2375,8
4362,87
305,1
4552,14
951,30
5725,6
5802,3
4147,22
3208,16
2171,19
2880,6
4561,6
4238,10
4715,4
5824,1
5212,3
1499,15
699,25
1167,46
3833,5
1981,9
5432,3
1787,8
1398,0
5515,3
533,1
3649,15
3862,4
2131,12
286,8
3912,12
2766,28
1382,11
3609,0
1125,1
1050,62
4337,10
6119,4
1827,7
2604,1
728,21
4986,0
289,4
290,50
4393,21
2189,9
2405,13
1763,3
2549,15
2420,15
6220,0
1768,31
3659,5
5279,2
1772,1
4370,5
5838,4
6521,0
2694,5
5241,5
1508,8
5991,0
458,48
1428,8
6385,0
5805,2
2377,9
6146,0
5750,1
742,5
4728,9
1556,7
5431,2
71,0
3765,5
3257,10
5327,2
3113,5
6287,0
581,32
297,3
298,9
5029,0
300,47
2148,10
606,40
1798,0
6416,3
3218,10
1256,10
4549,23
3185,0
2086,37
3437,20
758,21
1042,2
4775,3
302,6
338,15
2226,4
1148,20
6182,1
3417,6
3001,22
6388,1
981,19
3976,3
2657,7
6095,0
306,4
5490,0
3469,10
51,9
309,8
489,31
310,18
4141,1
1964,5
226,15
5269,4
313,3
6297,0
314,6
3991,3
6011,0
316,29
5047,6
3830,1
3911,10
3369,12
4789,7
317,6
3198,5
5958,1
5555,2
1145,12
1348,44
319,6
1057,41
2754,1
2558,8
1098,18
3115,7
5503,12
4433,0
322,42
1971,15
4374,2
2995,0
1648,9
1349,21
2688,9
4630,2
2693,14
2336,13
4993,3
660,7
1431,6
5173,1
4908,7
691,3
599,8
323,49
296,8
4791,5
464,16
3184,3
5809,2
2037,8
1476,16
4637,14
3855,18
4375,1
6195,4
325,39
6457,0
3978,16
653,12
1283,10
5757,0
3078,4
326,19
2256,37
5845,4
5897,1
5879,0
1636,10
5876,4
5164,17
5064,1
1186,53
3216,5
337,25
796,25
5882,0
6275,1
329,23
330,13
5653,5
4469,1
3481,14
1239,15
5984,11
5567,3
5785,25
614,4
4468,4
1210,36
3599,7
941,3
847,22
2620,11
4499,7
1818,41
364,10
4657,12
4094,2
5654,6
1489,0
5494,2
5043,9
333,4
5774,1
334,11
5836,26
1860,7
4397,14
335,2
5181,2
5895,0
4649,7
6191,5
2596,6
543,39
4220,2
2927,14
1197,14
4082,5
1437,47
339,3
868,0
1143,7
341,5
1606,7
342,3
2160,0
2036,9
6187,0
1118,28
345,2
346,17
4639,2
2473,3
5990,2
3881,5
2954,11
1407,47
4753,11
3967,3
5104,2
2335,7
348,6
2961,22
3074,5
6176,1
1528,20
701,9
2221,13
5663,21
2153,1
2759,3
4712,4
352,4
6234,9
4265,10
1889,13
2591,12
784,0
5791,1
1531,36
1843,4
354,8
4963,9
2861,8
4994,7
5782,7
806,13
3723,12
3887,12
4172,5
4551,4
386,43
4068,14
5625,0
5671,1
624,22
6250,0
2487,4
5499,42
1457,11
6485,0
2400,23
2752,22
5328,10
6157,0
4740,1
3487,9
1389,12
4418,9
872,22
1956,17
5455,0
5428,1
5561,12
2546,6
4746,4
4564,8
1116,25
2165,2
4559,3
4142,15
359,1
360,27
6429,0
4667,1
5634,3
4174,3
4512,6
362,2
365,15
366,43
3804,5
2197,18
3843,4
367,10
4804,2
3076,9
1883,16
368,3
2857,11
3088,26
3414,9
611,19
4691,5
3282,5
468,21
3543,24
879,28
476,40
3190,14
3244,3
743,4
6228,5
2206,23
370,2
3942,5
371,31
4178,1
1613,27
666,13
2219,4
3420,28
372,6
5862,0
2281,10
373,3
2929,5
5457,21
5124,0
3441,6
2696,5
773,13
2209,12
2945,16
3993,1
1930,2
4316,13
1988,11
1733,7
2642,25
6305,0
4328,36
2966,17
3222,3
376,3
377,11
448,2
4161,10
5474,23
594,41
974,7
6053,8
4935,1
4198,5
2854,22
4467,4
1157,7
380,12
2575,13
3396,12
381,18
382,26
3807,0
2815,7
3436,0
383,8
385,6
1473,9
1221,2
4763,4
3562,7
6042,0
3431,1
1061,40
6285,7
5892,3
5028,14
387,5
5439,0
5378,12
5234,11
5133,6
4222,19
2844,9
4015,1
5760,2
1620,13
4862,1
4112,14
1094,36
390,1
5977,10
392,3
393,10
507,38
4106,17
1107,24
3965,7
1782,2
2363,20
5529,6
751,14
397,20
3123,1
6323,18
4757,4
5023,5
4768,7
4792,0
4612,5
3204,11
400,8
787,11
3784,0
674,4
1950,9
2881,19
5256,4
405,9
2403,21
5364,1
681,18
407,3
5347,8
4154,5
1588,8
2705,5
1962,23
2325,1
3099,10
3752,3
5058,4
1009,4
2469,3
5580,3
1649,24
1848,11
2143,26
1273,5
6218,1
861,5
454,28
1886,4
4298,3
2964,19
975,1
5524,27
5574,9
3195,4
4165,8
1723,17
5594,0
4148,14
4327,5
2394,24
4580,2
6045,1
1395,21
6523,0
4010,3
1493,27
5253,4
3438,2
987,23
2441,6
1375,0
1928,26
4480,5
2845,4
6027,0
1456,7
1327,14
6367,10
5036,2
3509,1
496,4
5386,5
6449,3
1881,21
3413,21
4671,8
3169,5
3733,0
2099,4
569,3
4518,20
3858,6
1497,4
5129,2
3048,8
3040,19
4652,2
5808,2
415,24
6300,1
2667,10
1536,26
6530,0
2350,23
1495,11
5533,28
4448,5
6212,4
3380,3
1014,5
1013,18
4093,4
2998,16
6383,1
966,13
2305,36
2543,17
5771,5
504,6
3371,6
4062,4
419,4
5191,0
1215,28
5275,5
6105,1
1626,12
2051,14
933,22
5532,4
1247,10
837,30
6162,1
1270,11
2924,13
5726,2
3607,14
5735,2
1680,10
4509,3
1404,10
4493,4
4894,1
3058,2
6202,4
4939,2
2577,7
6421,0
6263,1
5559,4
1779,7
3964,9
2222,10
4353,2
980,20
595,16
4558,1
838,9
3200,5
5993,2
2282,13
5950,2
972,5
2369,27
5194,7
4743,10
5593,5
1317,1
6380,5
4026,6
3142,0
3651,23
3661,11
1615,6
2527,51
1845,7
6358,0
4108,14
2299,10
4481,5
2501,24
2092,6
2018,20
451,12
5681,0
4133,0
1299,8
682,41
1859,6
3175,9
4946,4
921,16
2586,3
1385,5
5716,7
1153,30
5820,1
2949,21
4984,2
3612,8
5225,4
4581,6
1980,17
2691,7
1393,20
6330,0
575,43
6483,3
2921,4
6453,0
1918,10
499,7
810,7
3789,3
1720,19
4394,3
1925,39
1257,1
4593,4
5623,2
5436,1
2685,8
1302,9
5659,0
937,6
3129,5
6193,1
2351,24
424,3
425,6
2922,16
5115,5
2376,13
2118,11
1977,9
1854,22
4883,3
5073,3
6348,1
3923,0
4933,3
2498,15
4435,11
5896,0
1182,10
457,20
631,16
6088,25
1423,16
5061,3
4452,19
1655,2
6144,0
1643,15
2081,12
3137,9
5960,3
2800,9
5730,0
2659,8
3742,5
4807,1
2312,7
2988,14
2104,22
4710,3
5998,0
3398,1
5405,6
4919,0
3141,11
6050,1
5640,1
1805,4
4046,22
1574,34
1203,27
5940,1
724,36
2433,11
1144,6
6377,1
4633,4
2888,16
434,9
5106,2
1749,14
3352,6
5618,9
4486,0
2637,15
4830,5
6465,0
437,13
2909,14
1338,31
438,2
439,28
512,26
1001,22
4278,0
6313,0
3395,9
5504,19
4416,3
5935,1
5749,0
5953,0
1519,21
3628,3
2785,19
2542,5
444,1
3268,12
3029,4
5603,2
447,9
5987,2
4286,14
2344,4
2038,9
707,15
4195,9
4344,0
4438,11
6320,3
3694,15
5595,1
6430,0
3206,6
4275,3
3463,0
2270,1
3740,10
5404,6
6280,1
4000,14
1692,4
1120,23
4644,5
2164,4
3108,9
3869,8
2500,2
4262,11
4723,3
971,14
2634,21
2548,20
6259,2
459,1
1410,2
6005,0
4742,1
3977,28
4490,6
3834,8
3744,17
3996,4
5642,1
5797,0
1194,15
462,5
4922,2
3151,24
4173,2
3813,1
6402,0
3706,3
2493,18
919,3
466,8
2805,30
1300,8
6464,0
4289,4
4973,3
1453,19
1451,7
4306,3
2163,2
2823,0
3435,31
916,9
3249,10
4554,7
3269,12
828,12
6408,0
5136,5
3824,0
5944,0
4055,1
3128,1
4057,13
776,9
4916,2
5949,0
3382,9
5380,2
4190,1
1611,6
3499,8
4113,3
1867,9
1581,13
2406,11
5379,1
841,40
3049,36
3838,5
3362,7
3554,13
473,7
5890,6
2566,8
4548,4
2886,15
5584,4
6015,1
3693,2
3251,12
3135,12
2716,9
2841,34
2943,11
2950,8
1797,11
6459,0
5870,1
5138,5
474,3
477,18
478,8
6076,0
4260,3
4095,0
3893,3
1436,7
995,16
617,17
2020,20
2074,7
3636,4
6156,0
1187,40
1888,2
3354,13
5766,2
2334,7
5050,3
6206,3
5779,0
1084,14
4955,4
4964,2
5745,2
3818,8
3738,4
505,0
2689,8
1188,14
6064,4
3444,7
3451,1
3860,10
2655,13
5566,0
6092,4
5981,2
3349,6
2742,12
5719,1
1353,3
5143,5
4307,4
6125,21
1040,26
129,41
5934,3
5514,1
3933,6
4540,2
5975,3
912,14
3775,11
4929,4
2349,7
1722,2
2579,7
2786,15
1191,3
3256,10
3799,15
3238,4
6508,1
2632,5
2220,14
485,10
1308,1
4386,12
4466,8
488,1
3373,17
2780,2
2510,2
2879,4
2524,1
491,6
1400,10
6107,1
493,9
1278,3
4911,4
497,2
3443,27
498,2
2395,47
3131,4
4235,9
2562,20
6503,0
5818,2
1833,39
2840,6
2060,7
6155,0
4674,3
4902,0
4134,7
4181,5
6492,0
3606,8
5335,3
717,11
3820,11
1583,13
4526,5
6091,5
1217,26
6035,2
3934,5
3928,2
3946,8
4847,1
5186,4
3949,3
6081,10
5035,6
509,40
597,8
2782,11
510,1
511,14
1246,20
6103,0
513,7
839,2
4476,6
5666,0
2745,13
515,4
2443,2
1578,28
4132,2
4135,7
1878,4
5485,10
4578,3
518,7
2000,9
5606,3
520,2
521,24
1861,33
2970,14
522,4
5088,1
523,13
5056,3
5403,3
789,26
3235,4
526,8
527,17
3616,0
3281,11
2832,13
2678,2
1329,0
531,5
3111,1
4502,8
2870,9
6039,0
688,6
536,17
537,7
5891,1
538,4
4455,4
1651,55
3713,8
2497,19
850,26
1272,37
2824,9
5336,2
4152,7
3079,6
5789,1
2564,8
911,13
913,31
2572,9
922,6
4708,4
2494,4
4242,5
2613,24
550,32
1775,10
831,1
4303,2
1026,15
989,10
3077,20
4619,8
1031,8
4628,7
1010,24
2265,10
5128,1
3541,8
4343,9
1132,19
4369,3
3593,18
1963,16
5366,4
1567,19
4404,7
6504,0
5645,28
767,31
5247,3
4422,9
541,3
5473,5
775,13
656,14
1293,23
545,11
5576,7
6109,0
5472,1
3342,12
548,8
6181,0
5687,2
3194,12
2630,18
1592,9
5157,1
1218,27
4966,2
2809,7
1376,24
2107,16
3383,1
5131,7
4424,4
985,26
6339,0
5013,2
5464,2
4786,4
4968,3
558,7
4102,2
1569,4
6029,1
2005,2
5869,0
6365,0
560,7
561,8
5357,3
3201,7
6216,2
745,6
6531,0
565,4
5754,1
6059,0
2077,1
2388,11
2534,3
860,27
851,4
711,3
2471,9
2309,10
2368,14
5752,0
6028,0
5883,0
3464,0
1192,47
3532,28
4750,0
3480,12
2008,11
2307,19
3901,7
572,5
2279,7
573,10
574,13
822,6
5421,10
649,16
3092,0
1033,24
5973,3
6083,2
5784,2
3006,5
3774,6
579,3
4215,1
4898,10
5872,0
1225,10
917,10
583,1
6023,6
2673,3
3643,10
2757,24
2151,4
6346,0
3493,13
3309,12
350,31
2698,9
665,38
5026,2
1804,35
589,15
2539,27
2387,9
1481,6
5835,3
4646,4
5877,2
593,12
3900,7
2858,6
5964,0
2736,4
4228,0
3756,1
3767,5
5172,5
2425,9
3214,14
793,17
4550,12
603,19
6395,0
3345,2
604,12
3605,16
605,6
5825,0
2699,13
1159,2
1425,7
2767,5
2796,5
6267,0
6296,4
4319,10
749,5
2057,17
4772,4
5513,0
1862,8
5676,2
3670,8
2035,10
948,1
3668,9
1575,20
6110,1
6112,1
4828,3
4090,5
829,15
3311,0
5714,18
1259,18
557,0
2947,1
2926,13
5729,3
3333,7
5280,3
4886,7
1291,14
3091,9
1319,5
279,3
5358,3
3610,7
4927,8
4932,12
654,18
2146,18
4387,0
914,13
4553,4
2991,24
6240,4
4188,2
1743,12
1752,15
1369,5
2747,11
5415,9
4207,0
4990,4
5488,6
2203,0
1387,11
5006,2
4274,1
1793,0
3054,12
983,16
3452,11
5030,1
6030,0
5878,1
3865,5
2660,5
4256,4
5318,2
2935,10
4643,6
3821,14
3485,24
1391,7
1027,11
5924,3
4130,4
6166,1
3118,6
1996,4
636,16
4987,1
1064,45
835,4
4204,3
3150,5
5678,0
2021,16
5338,2
5544,1
2320,12
1085,14
2664,1
4720,2
4841,3
5168,2
1044,8
4351,2
6003,1
6067,1
5983,3
3577,11
1901,6
4732,2
3586,3
2293,12
6135,0
3044,8
6268,0
2294,26
733,23
3778,0
3602,10
694,10
5902,1
4760,6
6484,15
2811,5
6486,0
5874,1
5223,1
2398,1
6493,0
752,10
756,9
4403,2
443,8
5448,1
2413,5
2633,4
6522,0
2341,10
3653,13
6535,0
4053,0
2013,3
3242,3
3660,13
3267,6
217,13
5346,4
4675,2
1101,18
615,6
5072,3
2644,19
6145,1
5581,14
5334,1
618,5
1487,8
619,10
621,3
800,3
4868,2
2975,25
6086,3
719,10
3057,3
1350,1
6363,1
6242,0
6397,1
1966,3
623,5
625,1
626,7
5662,9
3913,8
629,7
2215,3
4088,0
630,14
632,4
633,19
634,12
3669,0
639,23
961,7
5304,5
4594,2
3460,3
5786,1
642,2
4377,6
1024,17
6022,0
644,3
645,6
647,2
4186,3
651,8
3205,14
3232,13
655,4
3154,4
3162,11
5210,4
1309,2
2806,12
3009,3
661,17
4848,3
4060,4
667,1
3700,6
1030,17
3478,5
976,11
3416,4
5646,1
670,7
5352,4
6225,0
2820,12
4560,5
5718,0
5348,4
2963,5
5267,4
5160,0
672,12
4781,5
3176,1
678,5
679,10
4324,1
4765,4
6331,1
1924,13
3411,3
3071,7
3519,2
4390,7
6357,0
1433,18
686,3
2272,5
6436,0
689,7
4357,1
4021,7
4145,2
1066,10
1994,9
6129,12
3019,4
6255,3
4907,3
698,9
1920,7
6332,0
3112,8
750,21
3633,7
3697,11
5134,2
1664,5
1281,9
1657,9
3479,18
1584,36
5401,1
5982,1
5834,0
3721,2
2216,0
2223,0
4105,17
1762,2
6266,2
3750,1
1961,5
4437,6
5575,18
708,19
709,9
2308,4
1669,1
1619,11
1632,8
4832,2
1644,19
3310,3
3322,1
4872,2
5632,0
1706,9
4914,1
3386,6
3387,6
5146,4
3394,5
723,6
1732,0
3403,13
1737,6
4085,6
3412,3
4171,10
4180,2
984,3
5010,7
5012,1
1113,9
3446,5
5032,3
1807,13
4508,12
1830,2
5084,3
1466,13
3511,6
3514,10
840,13
1864,1
1866,6
3520,1
3534,8
3540,11
3548,16
5444,0
1895,7
4208,1
1402,6
5071,0
5179,1
3566,1
3324,6
5948,2
3613,26
6120,0
1984,2
5492,13
3640,10
2007,12
5255,1
5616,1
5265,2
3662,8
3674,14
2615,2
3686,5
5290,3
3692,5
635,1
3707,3
5303,2
299,2
3718,2
3876,8
3724,5
3730,5
3731,0
1693,15
3739,3
5331,1
2855,6
5345,1
6434,0
2141,8
3794,8
2154,1
821,6
3801,2
6505,1
3468,3
6536,0
5402,1
2186,11
3187,3
3835,6
2201,4
3961,3
3559,8
5776,4
4790,1
2231,4
2235,3
2236,8
2237,7
3866,3
5739,0
3880,7
601,10
1715,2
5496,0
646,0
781,1
3956,9
1022,4
3960,4
4224,0
3979,6
3980,10
3981,5
712,13
715,1
3994,5
5605,1
1204,3
4008,2
2391,13
181,2
4680,2
1173,1
2411,9
762,11
4670,7
5665,28
786,5
797,4
4814,0
2449,2
2451,2
811,4
4072,4
5686,6
2032,8
4777,7
5700,2
844,0
4131,6
5755,2
3737,2
2544,2
2547,4
2550,10
895,6
2557,20
4703,1
5787,2
918,1
2578,9
2580,5
2581,7
4189,9
946,6
5833,0
2611,6
4213,9
2652,1
5852,2
5800,0
5854,0
5713,2
5864,2
4237,4
4246,7
4247,4
5880,1
4251,4
2663,3
4264,7
2590,1
6222,2
4284,4
5928,1
5607,1
1052,4
2710,7
2711,8
4315,1
2726,3
5959,0
6143,1
3377,1
1092,6
1109,2
3521,0
6001,0
2777,8
4365,1
2787,3
6020,0
4378,3
2817,1
6041,1
1184,12
6057,1
2837,8
6079,1
4431,5
6089,0
1212,7
6094,3
2869,1
4447,8
5502,4
1229,7
6113,1
4164,1
1236,5
1238,4
1241,21
6118,5
2908,4
6137,0
1267,17
1287,15
1301,0
1361,13
1315,20
1399,2
5066,4
3225,6
6211,0
1332,9
2978,3
1608,3
6243,7
1352,5
3000,6
5372,3
1370,10
3018,4
1469,8
4577,1
1792,5
3041,4
6294,2
6116,0
6180,3
4632,0
5434,13
3106,19
6356,1
3110,6
3114,8
1448,9
3785,9
4669,4
3124,1
3126,6
4676,4
3143,11
2701,3
5965,2
6512,0
6393,0
5101,4
3163,8
1498,15
2636,12
4718,1
1516,9
6452,0
4733,7
3207,2
1550,4
6284,0
1557,5
1560,11
4752,17
4754,7
3015,2
6481,0
1570,29
1572,5
2996,9
3038,2
4776,1
4780,2
5520,1
3240,6
1585,19
6519,0
3496,13
3161,4
4800,3
2519,8
6539,0
5751,0
713,5
714,4
6044,0
716,1
1023,1
4083,1
5799,2
4330,1
854,9
6051,4
4409,6
3851,7
1017,6
5599,3
4826,3
6345,1
2034,4
4504,2
4819,1
6533,0
2140,3
1102,24
5231,2
5054,3
2082,5
6293,0
1304,6
6381,0
4273,1
4461,1
5962,0
5860,0
6186,6
4338,3
4696,2
740,1
1941,7
2461,1
5152,1
2136,11
2565,8
4948,2
5863,22
5512,1
4191,11
3402,18
6277,1
757,11
4389,0
5278,1
6048,0
5193,1
2797,9
4693,3
3406,13
3302,7
5382,0
5176,1
2999,3
1673,6
3447,9
6546,0
2225,20
2199,3
5773,0
3939,10
4045,2
2617,24
1618,10
4863,3
4869,5
3323,3
3580,8
3344,0
3372,2
1373,14
6311,0
6260,0
3423,11
4991,1
4996,7
5033,9
3466,4
1258,1
1820,9
1337,3
4567,3
1415,10
1846,6
4682,2
3522,2
3525,6
5441,0
261,7
5139,0
1897,11
1899,1
3556,4
1905,1
2100,0
3570,2
1929,4
5939,2
570,5
3641,2
5245,1
5560,1
2010,15
5261,1
3667,5
5696,1
5282,4
2053,6
3247,0
2602,1
2056,8
3709,6
5306,0
2080,11
5324,4
2865,1
3760,6
5216,0
5368,3
6183,0
3167,10
2158,25
2177,6
2178,1
5435,10
3842,5
1444,4
3891,3
2266,3
2278,3
3915,4
2306,5
2314,10
5538,3
4176,8
3127,11
2343,15
2346,10
772,3
5585,0
1112,1
3987,7
2379,14
4005,0
5709,11
5608,4
4013,2
5636,1
5638,1
4683,2
4035,7
1439,1
5657,3
5189,1
2447,16
4070,2
4080,1
4084,3
3153,12
5698,0
2484,4
4976,3
859,12
5738,2
2675,4
867,12
5753,0
2150,11
882,12
5768,1
2563,2
4582,2
5620,1
952,2
957,10
4217,3
5856,3
2643,4
5866,0
4240,2
6018,1
2624,1
5888,3
5898,0
4277,7
5906,2
3147,8
5011,4
1028,14
5930,3
4305,1
4322,4
1794,6
2739,2
2741,5
2743,12
125,3
2751,7
5994,0
4358,13
4359,0
6006,0
4360,3
2783,2
2183,4
4380,3
1161,10
4399,1
2835,1
1185,7
4414,8
4419,2
6075,4
4444,2
2875,7
2884,0
6114,5
2887,11
1292,25
1139,6
1260,7
6299,2
6167,1
1295,19
4524,10
4525,5
6194,6
1381,8
2120,24
3768,7
6236,0
6239,1
1351,8
3005,2
4139,8
1374,24
3026,10
1379,6
1383,3
4587,0
4592,3
4606,1
6309,0
6319,0
2973,12
3085,8
3089,25
1427,31
5682,0
3104,8
1501,4
5486,1
5046,3
3121,5
6370,1
5377,1
1467,3
6038,2
798,4
5704,0
6396,0
6399,11
4711,3
3179,2
1514,11
3439,3
3192,2
2428,23
4730,4
4736,1
1549,3
6468,0
3221,2
6480,0
1565,11
5312,0
1059,17
3033,4
1871,9
1589,8
1598,13
1601,9
4745,6
5985,1
3790,3
2628,15
1951,1
4232,8
6529,0
780,11
782,6
788,4
5162,4
5644,2
6312,1
5925,0
304,4
792,4
4889,0
794,2
1634,11
5361,10
4738,0
3708,8
802,3
803,9
5918,0
2091,0
807,7
1486,10
3456,2
809,1
2894,7
812,5
4821,7
1955,15
6192,3
2621,33
815,12
2748,5
2329,0
3595,1
991,6
2718,2
2530,3
5443,0
4815,11
2353,6
2373,9
1755,9
5118,3
3233,0
1029,2
3307,9
1547,12
5997,2
5591,2
2931,4
824,9
2364,2
4485,4
826,7
827,8
1635,3
4257,4
3448,3
1362,9
5004,1
4199,5
1546,21
2243,8
6477,1
5363,3
836,15
3770,6
6314,0
4861,1
849,2
6352,1
855,3
856,8
1413,6
4016,4
3812,7
5764,3
1326,4
4169,6
2733,24
3798,11
2756,9
864,16
1587,4
3474,2
6304,1
4138,5
2121,7
1624,21
5733,3
2111,15
3875,3
4474,1
2595,3
3839,12
4590,2
3997,6
2658,11
1426,5
3656,12
878,6
881,2
5545,4
887,2
2274,3
1316,7
3035,1
5947,0
893,11
1535,3
2612,7
1069,1
5848,0
4263,7
3726,10
139,12
610,1
6198,0
6161,0
5081,11
1122,9
906,5
908,2
3827,14
909,1
6252,3
4446,3
3567,6
5643,0
5553,1
6264,0
3906,0
2431,0
2440,5
5853,5
4427,4
3183,3
340,3
5076,4
935,2
5044,10
5803,2
3098,2
4118,3
6196,0
1968,2
5370,1
3381,4
3401,4
2626,2
4597,4
2860,4
6163,0
5839,3
5583,1
939,4
4834,0
3300,0
4853,0
5205,0
5413,2
1947,2
6209,0
6489,0
5905,0
5270,1
2106,10
3012,8
5683,2
1739,3
953,1
3421,1
956,3
4267,5
3125,2
3363,1
1521,4
3002,7
3711,3
5929,0
4515,7
967,12
973,2
5562,1
2366,5
5831,2
978,1
982,8
3736,8
986,6
4511,7
992,1
993,6
4631,1
4523,4
6409,1
6074,1
2227,1
3777,1
3285,10
2396,2
999,1
6532,0
3555,8
6093,0
5569,1
1002,7
1003,4
2666,2
4672,6
1265,18
2828,16
1313,7
1008,1
1510,0
5841,0
2928,15
1577,3
4311,3
1678,2
2843,10
5518,4
2883,8
1220,2
6142,3
1262,5
3734,2
1279,29
1339,4
5741,3
3676,3
1686,9
5759,0
4904,0
2129,2
2144,0
4812,0
1016,0
2241,3
4653,4
1039,10
3921,2
1865,2
1870,2
6384,0
2772,1
1718,9
5970,1
4279,0
5658,3
5980,0
5360,1
1933,2
1949,10
5795,2
1146,7
6491,0
5049,0
6510,0
6439,0
3657,7
5197,2
5672,0
6537,0
1835,12
3428,4
2384,4
2291,4
5885,0
4012,6
1034,2
4206,7
3336,3
1038,4
5147,1
1517,20
1048,2
6282,0
1049,7
4183,2
657,1
3047,10
4020,16
3419,14
1054,3
2332,4
1773,1
2382,1
4855,2
4516,2
5577,0
4373,0
2174,3
5321,5
4158,4
4531,1
1068,3
3223,4
5505,2
4503,2
5390,0
1938,17
5969,1
2389,1
3260,0
1076,10
2472,1
1852,15
6288,6
5557,0
5238,3
5228,0
1089,6
2872,6
494,7
1880,9
5649,11
1099,10
5411,3
3303,3
2254,3
2134,4
747,0
4985,2
2610,6
4747,2
3974,0
1103,2
3811,3
963,0
3914,0
1105,1
4538,1
3271,7
6247,1
1902,1
1645,13
2083,4
6174,2
5954,0
5938,0
1813,7
4347,1
5999,0
2923,2
2280,0
5215,2
1093,3
1117,1
697,3
2242,4
280,2
1126,10
1790,9
2889,3
1130,3
1131,5
3703,1
6159,0
6117,0
1970,0
2910,0
6054,0
2723,1
1136,3
3621,2
3107,9
1965,3
384,11
5480,0
1214,8
1149,3
6340,0
4372,2
6077,0
1359,15
5540,4
4576,3
3864,0
1811,2
3293,3
1237,11
1438,8
5815,0
3728,4
4123,7
5371,1
4475,5
1750,7
6274,0
1778,0
3052,1
6301,0
1600,5
6127,0
1850,6
3762,5
3229,0
4729,3
2090,10
3075,2
1202,15
2069,11
3571,0
6066,0
4401,6
5022,1
6253,0
3608,0
1164,2
1168,2
5158,0
1525,7
2276,1
3119,0
3828,4
4881,1
1172,3
1175,3
4491,1
4688,4
1177,5
5979,1
3689,3
6470,0
5619,13
4249,2
1417,2
1199,1
1201,5
3117,4
4859,1
1206,7
6435,0
5790,3
1403,15
1213,2
3011,1
1216,5
3654,2
6353,2
6417,0
1512,5
5002,0
3273,1
1228,1
1231,1
3504,7
1234,5
1235,1
2483,4
2359,6
1243,2
2821,0
5668,0
3241,1
4958,2
6509,0
4547,5
5293,2
4620,1
2839,3
4309,2
5615,0
6478,0
4128,11
4744,2
2275,6
2328,25
2714,2
1629,1
2033,14
6306,4
1269,15
3836,5
4767,1
1735,4
1987,4
5098,4
6462,0
3295,6
3845,1
6438,0
4983,7
1783,2
3553,4
4022,1
3982,1
14,2
3062,0
1307,5
710,3
5702,1
4209,1
3518,6
3549,13
1599,7
4635,8
5932,0
1333,1
6132,1
2040,8
1335,1
576,0
1576,2
4934,2
5350,0
6102,0
2808,2
6362,0
4116,1
2476,0
1347,1
5920,0
1452,4
1688,4
1357,5
1640,12
1454,1
6373,0
2818,3
4844,2
1378,2
4225,3
6369,0
5886,0
1689,13
1816,1
2758,1
3191,2
6021,0
4940,0
1396,7
1759,0
1318,3
2987,0
1408,3
3283,3
4182,0
1414,5
1416,1
1418,2
1420,13
4618,4
6343,0
6227,0
1523,1
1434,21
5976,1
4001,1
1927,3
3347,4
2576,10
4281,3
1441,4
1447,3
4061,2
5284,1
5996,0
4313,0
1455,2
4535,3
4115,2
884,2
3563,8
1462,7
5501,2
4510,0
3823,6
2288,3
5153,4
1475,5
4865,1
3795,9
4695,1
6078,0
1494,3
6032,0
5617,0
1505,8
1506,1
6499,0
2139,10
1511,3
4625,1
1520,0
4291,4
4980,2
1530,2
2740,1
1534,3
2258,4
5509,0
1571,1
1543,2
6451,0
1545,2
6002,0
1609,5
5178,3
2211,3
3589,8
1554,3
2485,4
4762,2
1561,2
1564,8
4487,0
5669,3
1579,1
1586,3
1590,2
1593,9
1594,2
1604,1
3926,5
2934,1
1791,0
2514,3
3526,2
4910,2
4648,0
4379,0
1612,5
2224,2
6150,0
1614,4
5817,1
748,2
6058,1
1617,1
4429,2
5491,3
1621,1
3683,2
1623,4
2247,8
4470,0
1627,5
2195,1
1637,3
3429,1
5901,1
1646,2
1529,15
5819,6
1650,1
4299,0
3502,14
4036,1
1658,1
6223,0
1662,3
3530,2
5287,1
5685,1
5001,2
6378,0
2030,4
4295,6
1799,12
1696,1
1174,4
1700,5
1368,2
3815,2
4817,1
5309,1
4350,4
5469,1
3831,2
2523,3
4318,1
1714,4
4888,4
5465,2
3741,2
2959,1
5622,0
6487,0
5621,1
3254,1
1728,3
4039,1
2402,3
3568,0
1734,5
1954,1
5688,3
1742,1
3368,0
2286,0
4079,0
3321,2
3364,9
2326,11
5881,0
2775,0
6199,0
4456,0
2535,1
2802,5
5437,2
3638,3
4701,0
3954,9
2381,8
2646,2
1758,7
1764,2
2482,2
1767,3
6034,0
4223,3
1784,3
4656,4
5040,1
2779,2
1826,0
1795,1
1806,2
2582,10
945,0
4478,6
3230,4
5268,2
4423,0
5235,1
1831,1
6547,0
4824,1
2357,14
4462,0
4517,0
6302,0
4484,0
3872,5
2239,9
430,2
4602,9
2445,0
6026,4
5192,0
1882,5
6231,1
1884,4
5602,1
1885,1
1891,3
1896,9
5271,2
1906,1
1908,1
2180,0
5822,2
6361,0
3513,2
4616,3
5664,2
3264,6
2273,3
2023,4
1923,1
2933,4
4808,1
2994,4
5214,1
1973,0
1979,6
5793,0
3056,3
5301,4
1952,2
4822,0
5451,0
4366,0
2599,1
3826,0
2768,5
6307,1
4098,9
3065,0
3155,2
1989,7
1995,2
2290,3
2322,0
2003,2
4507,3
4569,1
3306,2
2700,1
2028,6
3809,0
2087,1
5078,4
5389,3
2039,2
4065,2
5695,1
5740,0
5180,0
2790,1
2930,0
5365,2
4607,0
5564,1
402,2
2044,1
2045,5
5332,2
4170,2
1468,4
2063,2
2064,1
4874,1
3139,2
2070,2
3698,0
2521,0
2073,1
2089,3
2093,1
6046,1
2969,3
6414,0
2105,3
4678,0
5399,0
2110,1
3622,2
5699,0
2052,7
2122,1
3407,0
2127,3
5692,0
2132,2
2533,1
6460,0
3500,1
2159,2
4887,1
3450,1
6087,0
6000,1
3584,3
5263,2
6213,2
2187,5
3894,7
5476,0
4071,2
1796,1
5801,1
5647,0
5840,0
1081,0
5963,1
4739,4
4912,1
6152,0
6184,0
6207,1
508,0
4999,4
3053,3
2167,2
2170,2
5196,0
6133,2
5475,0
2182,3
4301,1
2192,4
5392,0
3625,2
2198,3
3094,8
2207,2
2210,1
2212,1
5675,1
2551,5
5144,4
3574,2
2250,1
4226,0
4797,0
2284,2
2303,4
5198,1
5904,0
4995,1
2434,3
2316,1
2324,2
969,2
2338,3
3545,0
6097,0
3547,0
6290,0
5177,2
3326,0
6072,1
5813,0
3797,4
3903,5
4809,4
5337,1
6511,0
4937,0
2896,0
2499,1
2383,1
6513,0
4297,4
6008,0
5339,0
5851,0
2416,1
5132,0
5522,0
3594,3
2419,1
2421,4
1472,1
4415,1
2992,1
4074,3
6262,0
2463,1
4056,3
4794,0
3343,0
2474,1
4787,0
4336,1
6432,0
2505,6
5781,0
1597,4
2509,2
2511,4
2522,3
5550,2
5125,2
6007,0
2607,4
5849,0
2679,3
5248,3
3873,0
5323,0
4521,2
5762,0
3832,1
3796,1
5393,0
3825,0
5240,0
4641,2
6188,0
3988,3
5090,1
3165,0
2616,0
4293,0
6455,0
4636,1
2592,1
2600,1
5972,0
2919,0
4741,2
4143,2
3492,2
3671,1
6138,0
5780,1
3944,0
5477,0
2662,3
3684,1
3392,3
4704,1
4722,1
2697,3
3569,0
5926,0
2706,4
2635,1
2715,4
2719,2
2734,1
5262,0
6019,0
3533,5
4713,1
2774,1
2776,1
2793,1
5971,2
6308,0
1286,0
2810,1
4899,0
4482,1
2829,1
2830,1
2848,1
5846,1
4038,0
4266,1
4838,1
4961,1
4243,2
3375,2
4997,0
3814,1
2958,4
2960,1
5099,1
3020,3
2974,3
4962,0
2982,1
2983,2
5087,1
2997,1
4882,0
3924,1
6096,0
3042,2
3972,0
4661,3
3069,6
759,4
4959,0
3102,1
6201,1
4876,3
1744,0
5746,1
4177,1
4665,0
3178,2
5031,1
2457,0
4052,0
3215,1
3301,1
5092,0
3272,4
3279,2
3284,1
93,3
1853,3
5233,0
6295,0
5089,0
3393,8
450,1
6412,0
308,1
578,1
3379,1
6085,0
5459,0
6318,1
5273,2
6080,0
671,0
5570,1
3579,1
5211,2
4748,1
5127,0
5992,1
6411,0
5038,0
1682,0
4212,1
6425,0
3557,2
3950,1
5429,1
3581,1
3587,1
5942,0
6238,0
5063,0
3635,1
2906,1
6100,0
3729,3
4392,2
5294,1
1823,3
1091,0
5068,0
4101,0
3932,2
3841,1
5288,0
6392,0
4011,1
5816,1
6200,0
4556,1
4614,1
4201,1
4686,0
4167,1
2938,2
5450,0
4428,0
5630,0
4795,0
5855,0
6171,1
4541,0
4364,1
6372,0
4495,3
5052,0
4951,0
6052,0
4617,1
5097,0
2986,1
4771,2
5720,0
4857,0
4897,1
4947,1
5319,0
5048,1
6382,0
5122,1
5154,2
6540,0
5597,0
446,2
5482,1
6298,0
6406,1
6437,0
6448,0
5937,1
6428,0
5341,0
6426,1
