node,in_degree
0,0
6420,590
2941,2
3051,164
5511,150
1020,1067
4726,67
5968,1517
5543,1028
4089,7
6251,0
180,4
1712,19
2287,1
3552,60
4395,17
3920,182
6148,404
771,206
5208,602
790,13
4069,299
4522,34
6203,63
4496,41
1082,30
5175,134
3274,0
2173,9
2560,410
1465,7
3623,35
2831,7
1115,40
2944,3
4716,273
4463,39
77,564
2,0
5079,43
2842,28
475,3
5911,128
6454,28
1041,18
2856,20
6040,99
4059,12
813,11
479,25
609,4
6528,91
2807,18
1721,15
1992,18
3,0
412,5
45,0
2367,265
996,14
2161,647
4421,84
4445,16
6101,304
3356,18
3905,146
3138,39
2119,49
6442,101
327,2
3550,321
2650,419
3629,27
4239,110
3857,277
2907,184
5383,28
5571,33
1751,201
3754,101
3087,173
4047,150
4717,758
5,0
3582,31
514,1
4660,9
183,2
6271,509
5827,0
3523,18
257,2
6310,14
5794,30
3476,172
5710,4
471,3
3312,12
5069,11
1133,29
6090,27
4811,4
3776,14
663,4
6,0
1482,8
1284,108
4451,88
7,0
2228,21
3350,9
6403,401
768,3
1025,105
4615,16
64,1
1485,3
1240,30
2374,118
8,0
4018,49
612,66
5908,1
2825,7
1253,4
5207,16
5756,27
5530,35
1195,2
2012,27
3551,33
2238,8
1155,40
4918,243
1100,66
179,2
4214,66
4813,34
2257,75
9,0
3253,33
2568,97
766,9
4953,35
1573,27
1056,14
3995,62
3329,6
1276,1
877,2
1969,34
3952,40
5582,148
4663,34
5384,37
5130,53
287,9
5385,49
6084,310
3313,5
1127,13
6056,12
6466,178
4329,45
1320,5
2108,8
6281,136
10,0
3510,12
142,10
1890,297
398,5
5516,378
4453,344
5554,485
5094,97
938,33
2799,239
2459,89
361,1
3959,29
2712,61
188,3
3046,10
1808,20
3459,350
98,0
1616,33
4719,223
577,5
586,15
1875,23
4443,2
998,11
1917,6
399,8
2448,23
5578,32
6165,254
4724,18
6108,59
3472,106
3388,55
3984,23
1726,27
5388,253
3575,43
1285,26
1015,27
5792,8
2661,11
3096,18
210,1
3780,57
1939,49
5188,63
1440,67
6121,95
421,11
4840,17
2897,6
3904,74
2061,6
219,3
4960,140
6126,67
5266,72
1548,48
5679,173
1147,12
3714,17
5310,651
5708,76
4004,88
1150,9
4565,198
4211,162
5096,8
4296,73
3861,39
165,1
4110,42
1261,66
2496,26
3390,26
5320,26
539,28
940,14
4998,23
1121,32
3172,5
516,9
4117,43
730,41
2614,91
931,31
1314,19
5121,31
2259,23
4586,173
3746,22
3931,130
6474,82
6164,67
5095,263
1183,31
1990,36
4692,35
4354,84
761,17
6291,25
959,139
5535,27
5014,60
4227,8
4895,26
5440,108
3351,32
6405,32
2319,24
3164,7
874,12
4334,23
571,4
2323,21
4236,93
5254,72
5660,16
2853,21
4048,59
2847,4
2956,110
4529,31
554,12
580,5
6326,23
2965,13
4827,102
6354,109
1449,14
1227,15
5034,129
4292,45
2972,154
3634,50
194,0
4622,26
132,3
2292,37
1974,18
3298,85
5652,175
1170,11
5914,112
6219,2
2043,245
5804,267
6433,5
5037,93
1633,3
4127,31
3963,16
2438,25
1993,6
1687,42
1679,48
3637,38
312,9
12,0
1208,4
2594,19
3771,22
440,1
2940,20
2372,13
3367,5
2075,7
1946,14
1856,8
6169,16
2727,3
5894,21
426,2
3546,24
13,0
86,1
5572,115
5445,168
5418,40
4839,10
5536,79
4989,20
4624,5
3061,13
4583,32
2022,21
4075,89
1450,12
1953,27
910,13
4974,12
4913,17
869,1
6279,20
3148,41
4978,59
6440,62
3449,23
234,2
6517,74
15,0
4253,84
5426,22
3968,47
5419,23
16,0
3592,78
592,6
5519,200
1825,189
4405,61
5005,24
4248,248
2049,88
1934,73
2639,33
3992,180
2055,97
2720,41
3701,271
5190,55
2788,27
3769,41
2532,25
1652,14
1358,40
1553,11
5055,177
3004,136
5873,56
4342,15
4434,23
3239,157
5103,31
6269,180
285,10
5105,87
4846,143
17,0
2552,30
112,2
5988,13
5260,36
389,1
6526,22
3258,1
3578,16
1931,33
2065,6
5867,33
4659,15
18,0
2692,25
1108,9
5680,10
2653,30
5807,50
690,4
19,0
4120,2
2115,10
4600,14
214,2
1707,24
1781,6
153,0
225,1
21,0
3868,15
3276,26
726,8
1983,74
131,2
22,0
1719,96
1386,42
2436,21
1070,0
6469,28
4200,5
6337,29
204,7
1705,26
2230,14
100,1
4799,65
2470,95
5291,24
23,0
695,6
241,3
2681,12
3259,73
74,2
3034,88
2606,60
2885,31
2157,36
2301,15
4454,141
5767,41
5397,76
1430,25
2460,34
3935,417
4417,19
6140,78
2468,48
3677,36
4413,22
2365,31
5828,165
1780,11
24,0
2584,94
5217,101
1156,24
3588,20
3170,25
1837,15
5161,3
5936,37
25,0
192,2
420,21
92,4
4163,59
4179,54
4854,38
5684,72
1504,6
431,13
818,13
4009,54
26,0
1670,134
6315,29
3296,5
2770,28
1802,25
1527,12
27,0
6325,43
2773,22
4261,45
892,6
118,2
3316,32
6476,18
3017,10
28,0
5487,34
3642,11
6329,69
1032,13
4835,31
1877,8
3188,80
5601,27
205,0
2244,11
30,0
2608,30
1667,19
2352,13
4783,24
3867,7
3305,22
3695,10
1356,11
1972,49
3391,18
590,84
2682,30
5677,60
1000,6
3927,135
3679,38
5230,111
1824,167
3385,6
2096,38
5062,20
6423,35
2984,29
4457,35
2102,12
4034,49
4584,56
2414,5
3761,19
3536,19
2404,49
169,2
668,1
871,37
988,54
4333,15
1058,48
6197,12
744,2
1446,19
528,1
964,15
4697,58
6538,51
2234,42
4737,33
760,9
1610,37
4896,27
2495,13
3013,65
2917,101
5414,64
32,0
1665,71
1724,8
3365,83
2475,8
33,0
4064,84
1242,9
591,4
3427,19
411,2
3680,23
1334,3
2149,13
3792,58
1660,4
4363,44
3986,7
763,15
5042,28
369,10
34,0
3888,14
5252,35
5407,15
5314,31
1915,2
5206,155
4506,73
4458,25
5009,36
865,28
3877,4
2181,18
779,1
1748,83
35,0
1538,6
3292,14
3941,20
4346,50
36,0
4685,25
441,1
5430,14
5893,128
37,0
2098,6
1233,49
38,0
4440,67
4063,13
4505,41
5272,32
5274,41
394,2
3277,13
805,10
2871,19
401,2
5281,54
2455,7
406,2
4825,24
193,2
3287,1
2466,5
820,7
5691,14
1245,11
2638,7
5859,10
2297,9
2062,9
2898,156
4097,50
4845,5
6128,17
4972,14
3308,12
2071,7
6136,40
1252,6
5315,45
3722,42
4483,54
128,1
1690,13
846,13
41,1
4488,75
4114,59
2769,12
5613,14
5728,10
2503,29
5326,31
351,38
53,1
5236,21
1282,18
2097,6
2512,20
4126,10
4977,50
6106,21
1244,7
460,3
5342,27
5343,155
1695,7
5353,44
4331,55
5351,38
2114,7
1303,10
2116,38
2952,35
4905,57
1699,35
6224,44
2011,10
5478,22
4146,39
2538,11
3990,20
2124,59
5758,13
262,1
2321,3
486,2
1372,4
1325,2
896,4
6185,10
898,13
5137,54
3781,22
5489,31
4928,15
4930,15
6215,15
4689,40
4546,16
5417,21
5381,38
3617,10
2330,16
1725,8
4945,40
731,3
6229,48
1341,13
1342,18
1343,21
2583,30
2866,74
4185,5
4187,113
3262,41
6244,27
1746,30
3895,38
1360,9
5690,19
4202,88
2507,40
2179,41
5821,39
535,7
2123,30
3010,98
1756,20
6258,18
4981,36
2605,10
3097,4
1761,18
5322,14
94,1
5832,65
5823,20
2480,26
1769,13
2680,20
2333,5
5454,24
3710,17
5422,36
2271,11
3433,10
5424,15
2619,28
2202,25
2331,8
5008,38
4221,34
1019,7
1394,3
2683,18
5927,28
258,1
979,6
3853,18
4234,30
1910,17
870,28
5446,34
4609,24
2233,9
1405,43
2686,31
2915,59
6317,11
3907,20
5777,28
4254,24
6322,64
1991,29
3080,12
5604,24
588,14
4623,14
2246,8
5466,35
1419,9
5468,36
1421,18
1422,14
2665,23
3878,24
1822,17
2253,36
5057,41
203,2
5356,28
3475,8
3093,30
5481,32
2263,9
1832,13
5296,64
4926,41
5075,36
3899,9
4647,24
4601,43
1840,15
1841,14
4655,52
2687,19
620,2
5085,24
2397,14
1847,17
277,1
6360,77
3910,16
5495,35
702,5
4662,115
628,34
3501,33
231,1
6060,8
3506,5
1524,27
2704,2
5558,37
3917,315
2285,2
2707,14
6431,52
5108,92
1464,16
1055,16
6139,47
1863,12
4793,60
5517,24
6488,128
4406,14
6386,36
4317,20
3116,4
4320,88
1879,13
6104,37
5500,39
2728,15
3998,18
1474,91
1072,4
5811,53
4698,10
259,1
5955,30
853,9
3158,24
6404,29
2318,23
1263,24
3947,32
4150,7
5548,82
675,4
4956,9
1900,5
4339,29
4651,33
5974,25
4216,39
2623,17
687,1
5156,66
3558,45
4714,37
2753,53
3969,13
4345,12
1913,10
3856,21
2762,47
3497,67
2345,19
1919,4
255,3
4489,34
2360,8
4727,15
3983,25
5586,33
3573,21
3727,15
5182,72
4361,40
1935,7
3515,9
1940,6
355,8
3585,20
1140,4
1944,40
4658,17
6359,22
4002,48
1551,15
4381,25
5701,14
3219,15
5612,30
6190,34
3418,43
1429,15
4758,24
3611,14
1568,14
3614,36
4761,27
1163,18
5219,44
6013,70
197,17
4023,36
4024,33
5629,21
5631,3
4400,76
6498,27
3626,35
5229,6
3236,22
358,3
5250,55
4784,47
4032,21
2409,23
1998,44
6520,75
2418,65
5861,35
4420,37
770,4
3948,160
2422,6
3747,13
2424,6
6070,41
5590,51
6415,15
6265,14
2015,16
4778,30
5670,32
6542,131
2026,16
39,0
292,4
40,0
2442,28
6208,3
2993,91
3461,46
4410,156
640,2
4818,14
2703,15
3330,23
6276,325
705,11
1625,17
5232,33
3749,18
2570,67
4640,90
1681,21
1638,3
2990,41
923,57
480,2
519,7
281,3
1079,18
2647,39
718,3
2649,16
5479,50
5915,89
4168,7
2912,18
2079,6
418,5
42,0
3672,8
1142,2
43,0
5199,92
44,0
2048,20
5107,64
5387,34
2393,9
4,0
5549,15
3157,55
4957,21
4544,161
171,1
5077,25
5744,50
4497,15
3458,20
76,1
2355,20
4820,31
3122,39
1384,17
2763,21
3457,23
46,0
3846,18
167,4
4769,22
524,4
104,1
6153,2
157,1
5408,75
4595,29
920,1
5243,78
47,0
1005,18
3620,25
6124,99
6154,95
6501,107
915,1
549,2
4979,120
48,0
5244,26
5020,3
4019,23
472,4
49,0
4893,75
1513,27
2205,20
3489,23
1043,11
1771,20
1047,43
1226,5
3882,8
706,1
3632,23
283,2
3477,12
5712,104
3286,157
363,133
1211,12
134,9
5041,53
321,0
4017,33
2085,3
4136,7
5142,9
1596,13
272,3
3320,11
544,12
5610,141
889,7
2009,22
4571,44
52,0
6178,26
2864,44
2130,8
1741,2
5362,17
5330,37
1675,20
3100,18
4460,5
54,0
891,8
3539,28
4349,86
3327,13
6241,11
3564,35
4829,29
4160,25
4969,6
357,2
3186,45
3665,31
409,1
6419,60
6055,47
1668,39
2725,19
3319,4
5706,71
55,0
734,3
602,4
886,1
1078,7
465,4
2193,28
4197,6
56,0
1628,7
2598,10
2342,26
3989,27
1936,5
4003,29
3897,14
57,0
4383,30
428,1
4654,10
1566,4
58,0
347,1
5844,316
6147,24
4066,51
6270,51
4449,84
2298,59
6502,158
3471,12
6004,40
251,5
5847,194
6516,84
2310,6
3542,47
3712,28
2731,32
4613,64
3745,31
4107,45
4810,46
59,0
3699,48
899,5
5857,52
2529,40
2491,21
1932,4
5184,48
3250,34
1483,18
331,2
3859,27
229,4
1154,4
830,4
2311,18
2640,14
2240,19
2979,23
2918,11
344,3
84,1
60,0
962,3
5919,42
61,0
3022,23
1165,8
3467,16
152,1
6131,50
4408,32
1663,23
4759,33
62,0
5438,72
584,2
2867,70
3805,46
4492,12
5117,3
442,2
3918,21
1198,4
1921,17
4749,10
5508,9
3361,74
4030,27
2674,6
456,8
3648,11
1786,4
63,0
2401,5
5045,15
2761,48
6248,44
2094,7
5837,15
1777,12
2354,12
2916,44
5185,45
2891,6
6400,33
1736,17
1654,17
6071,16
3498,79
2430,44
2479,6
5865,113
6130,12
5308,7
2939,6
3748,12
6237,111
5449,60
736,7
1555,13
5497,4
1855,14
1171,15
4627,79
3664,26
4302,7
3422,34
6541,25
1190,74
3615,47
2088,20
1671,56
3408,22
901,10
4027,50
753,4
4269,104
2877,83
3631,17
1336,32
3338,41
2050,28
3576,49
4642,33
1071,25
3252,16
3847,47
1478,48
2371,16
5600,11
3673,86
4096,10
3908,64
1491,8
3039,39
1656,19
303,5
1745,14
677,5
2488,6
1904,11
3134,21
3773,31
3883,123
3916,25
5661,77
5693,47
958,7
1760,20
65,0
6037,34
1271,8
4677,27
2191,22
5114,42
4774,34
4871,30
3751,9
502,1
5059,28
4942,3
3389,17
307,2
2138,21
5242,4
4901,8
778,1
5027,25
1036,9
2072,8
6158,28
1967,25
66,0
3025,75
1834,8
6349,20
336,3
2047,4
2813,20
6441,61
2627,22
67,0
5016,51
6205,26
3227,15
3442,14
1814,12
1839,11
4705,21
320,1
6217,57
3209,11
3334,80
3397,16
246,3
4076,20
3168,132
862,3
1803,12
3840,12
68,0
436,2
3666,9
69,0
70,0
3675,24
2194,21
5313,13
3133,18
449,2
600,3
5650,16
1607,21
1432,6
3045,7
843,25
6467,38
2878,19
3852,19
5017,42
1704,29
5884,23
5264,29
650,1
4566,30
6475,4
2214,15
4803,18
467,0
5723,1
1911,20
1355,25
4067,18
4877,45
1179,8
2423,12
4078,36
2569,15
4944,83
4923,30
3130,53
2315,10
6068,47
3003,4
3171,9
4151,101
3603,45
1288,11
5410,62
5989,81
72,0
5416,34
73,0
2622,9
2873,35
3705,5
3465,7
3687,50
1377,5
5000,21
2876,75
5531,16
4081,8
3149,18
4870,53
6173,45
5796,23
1018,18
3896,27
3732,6
2526,19
4025,40
3212,65
4258,67
1496,13
4687,58
2229,9
145,1
532,2
3270,23
3719,10
2386,6
6069,54
1083,7
693,7
75,0
1331,9
5814,54
3685,2
3517,4
1274,8
95,1
3304,33
5923,24
110,1
1298,38
960,9
4921,16
6424,35
3027,3
5588,55
78,0
5221,12
6151,19
2574,7
4542,28
4975,47
1872,28
5007,12
5736,50
4599,34
5065,18
5639,129
410,16
659,2
2833,39
3400,5
5810,39
3759,42
3101,24
2778,3
1392,7
5442,9
6303,16
4376,11
1945,48
332,4
4384,8
1409,1
2601,23
2911,10
1788,28
3434,46
4788,30
6422,21
282,4
1809,6
79,0
80,0
2133,21
1074,3
20,1
4465,21
5539,25
1166,1
5140,40
2113,13
5302,19
2899,78
6272,29
268,1
596,5
5842,8
4029,46
5556,58
4340,7
2801,11
2204,21
3384,3
1397,24
1740,1
3197,12
427,4
81,0
3538,3
4355,16
4735,5
88,2
3109,12
2585,14
1909,4
82,0
2407,3
4557,4
6134,11
755,5
4917,25
3508,13
3783,18
3410,22
3999,30
2340,27
4563,109
2025,36
83,0
2017,4
6017,41
1713,8
3280,8
3779,45
3922,48
3898,18
3902,3
2641,4
3353,10
1770,13
5743,65
1470,5
2262,10
5614,32
4534,7
2729,19
4367,32
5070,51
1080,0
1639,5
4042,16
1812,11
823,31
2031,13
2453,7
2874,9
1876,10
5521,10
2672,18
1683,6
3023,11
1729,13
2677,8
108,1
1219,5
4954,13
1345,20
6401,43
3645,16
1196,13
1500,18
2737,8
729,5
5082,20
4527,44
3507,10
3970,26
1104,16
1766,11
3829,65
4348,30
4159,119
1321,12
2536,14
3627,27
3630,48
5067,29
3527,41
2462,11
866,7
3725,28
5394,23
3763,22
1249,5
929,3
2792,50
4193,45
4473,21
4970,15
1958,6
1661,20
3863,4
5427,19
1563,2
2798,13
4210,26
87,0
3650,13
814,2
4229,24
4432,6
3037,40
4782,36
3193,24
4925,36
4699,11
669,7
3203,10
3491,5
3291,15
3358,11
4051,39
1711,4
1477,6
89,0
3455,10
500,4
90,0
91,0
4952,27
5711,92
6232,55
1810,6
587,9
6327,17
804,9
3874,26
2249,36
1424,2
1821,5
4450,23
4073,19
3346,31
4137,14
2458,18
2172,5
2261,12
816,6
2464,27
2001,17
6341,34
3691,19
414,2
2589,25
2380,13
417,2
5298,56
2444,17
5910,186
3340,57
825,2
4092,7
164,19
3453,10
1443,10
5916,18
3793,32
3086,60
1653,14
4472,4
3892,3
4231,25
4852,18
3716,17
5812,43
4664,16
433,4
3531,13
1857,8
4860,35
463,1
5627,45
4892,16
5727,15
5325,106
1676,20
3140,29
2362,5
652,1
5537,5
4879,38
3335,13
3524,8
4591,29
6098,6
2277,8
4129,103
2724,15
6168,61
5748,19
5697,24
6391,23
2946,21
3535,44
4890,21
1691,7
1296,4
2528,13
2531,20
1684,5
6407,41
5453,57
1698,1
2296,16
1306,5
1703,4
883,3
4149,15
4681,3
2609,31
1708,12
3366,30
2545,13
1401,6
3772,16
5772,39
582,27
4244,42
3374,2
6204,17
2554,25
3376,29
2260,14
1716,16
5166,16
4543,34
3786,16
5171,26
903,12
904,6
4936,33
6443,12
2109,13
1123,9
5761,41
2571,3
168,9
1730,6
6230,34
3399,31
3202,31
517,92
722,1
765,20
6016,12
6506,25
3808,49
5396,34
122,5
3409,14
5400,2
2378,4
529,3
3245,29
4006,43
1364,11
1559,13
3604,33
1960,8
4755,5
741,5
6479,91
3014,22
5829,34
4574,15
2101,16
1765,24
5359,20
547,3
5462,28
926,14
6496,61
954,7
5423,39
1978,38
1776,6
6049,18
311,16
2625,6
5237,28
5641,15
4407,40
2676,11
4287,32
2213,21
482,4
1522,3
6065,22
1141,4
4125,17
3854,34
5025,23
5945,35
378,3
3454,16
3788,34
4241,25
6473,56
5259,26
184,2
3806,18
2014,1
4245,22
3073,35
5456,1
3265,34
461,7
777,5
1290,2
3462,31
5461,85
4891,7
6009,39
1365,3
585,3
2717,29
3021,12
5526,3
395,1
2252,17
2454,22
2426,15
2836,2
662,13
832,4
5183,4
5633,33
2936,10
6338,32
301,1
1526,16
1828,3
3070,23
2358,8
4459,37
2067,2
4938,27
4836,54
3095,16
1445,8
5952,49
2989,70
3639,35
4734,30
5299,6
1178,7
2948,3
170,1
932,1
1838,13
4371,30
616,6
5917,6
5967,46
2587,15
5552,28
5151,37
3655,5
3217,10
5367,27
2435,62
1411,10
942,1
4040,52
4514,2
6321,20
5717,13
96,0
3152,15
97,0
2024,29
408,1
11,0
6374,91
3425,40
927,2
6073,49
4288,19
5850,19
1045,4
5707,46
99,0
5102,12
1957,5
3565,10
6273,54
5826,25
1717,2
5731,6
2042,17
4356,18
2812,39
2567,3
4588,11
4589,6
3289,15
4033,15
4585,36
4598,15
2746,51
6160,24
4282,7
4184,16
1738,3
2749,2
673,7
224,1
2903,6
177,2
4906,22
6189,33
4382,18
5169,26
6082,17
5667,4
6257,79
4194,7
6543,14
1046,2
3016,41
947,1
994,4
2981,31
4766,1
2142,35
5995,17
3787,14
3120,10
1982,3
1007,6
4218,29
2722,20
2784,6
6177,22
5541,10
2166,7
5083,9
4900,58
3591,21
3486,1
6025,20
432,1
6256,57
4673,45
101,0
1539,5
3644,19
1647,8
4545,65
102,0
5598,10
3182,58
3261,8
5174,83
103,0
2269,2
774,8
4856,18
2076,16
2465,15
2859,6
1135,21
1922,16
5909,3
249,1
785,1
4528,12
143,1
4028,13
105,0
2852,24
106,0
5648,62
5737,102
4270,25
6544,70
3758,17
5126,52
107,0
2556,2
2904,19
6221,40
3067,5
3600,6
1152,10
534,2
6548,24
5433,51
109,0
2765,2
6012,10
3132,19
6149,48
2713,8
6494,39
4924,3
445,1
1562,4
1937,11
111,0
490,1
1542,3
4878,25
3050,17
795,1
1869,11
154,1
2410,1
113,0
567,9
4121,33
1077,38
115,0
2709,10
3473,20
2618,7
6444,23
5770,17
1907,9
4175,12
284,1
116,0
4988,6
2327,8
117,0
2300,4
1986,16
817,43
1916,38
3975,8
1222,7
4312,20
3879,28
1874,7
5943,26
5425,39
1836,12
3850,9
2218,2
4308,9
4903,63
2738,14
5307,8
5921,43
119,0
746,4
1328,12
5471,55
4271,21
6515,23
3359,41
141,1
1344,9
4555,170
1442,5
2427,6
2794,34
4100,31
1251,6
4477,11
553,2
1367,7
1666,8
1160,12
3224,32
3791,25
2517,24
1659,8
3658,4
3945,23
2730,8
2913,7
6398,27
5523,17
2317,13
470,7
5349,42
484,35
1200,9
5150,31
680,5
1205,3
3072,13
2953,15
4915,25
4611,50
5039,24
732,3
120,0
3103,21
50,2
4931,51
3031,36
199,1
5843,12
1062,20
5589,40
1230,2
4166,31
1631,9
2882,47
3755,20
6344,19
4501,30
6333,24
1701,14
2004,6
4041,40
4941,104
928,9
3495,4
5447,70
6342,137
5507,13
2412,65
5565,65
2019,6
4162,4
658,9
121,0
1138,4
1134,46
949,16
140,1
3055,19
2348,6
2429,4
4801,35
5551,59
452,1
564,26
6394,41
801,0
2561,19
3884,4
2597,3
4436,7
4785,59
1622,11
123,0
1460,7
990,1
176,1
3231,44
5329,8
5913,4
1959,12
4638,18
124,0
5889,10
5573,13
2764,10
4341,0
3560,9
5111,21
5470,46
3220,6
126,0
1685,9
85,1
3937,4
127,0
4233,11
703,1
5510,11
4621,13
5369,17
2925,12
845,0
4087,3
977,1
1829,8
6375,97
764,31
130,0
6500,0
1461,7
5651,23
4396,52
1346,3
3105,4
1694,3
353,1
6043,42
5119,24
2068,5
3360,33
469,2
739,5
5498,17
4091,12
2432,12
5986,18
3440,23
5460,72
1868,68
1509,7
1435,10
6324,38
4442,18
4721,23
3028,17
3263,48
2200,9
4575,23
3243,12
4539,72
3483,9
4706,39
1544,8
3210,2
6447,35
2267,11
1552,8
4971,58
6061,28
3156,11
4157,14
1067,6
1926,13
2541,11
2834,9
1537,5
5596,13
4368,8
422,4
318,1
3955,12
2816,13
627,1
1975,6
1275,5
3081,11
4864,14
1051,16
6490,20
3735,6
4579,8
4402,12
4122,74
6389,47
4805,42
2518,6
4513,10
5019,106
1297,15
4605,27
5765,15
858,16
2654,10
791,1
2968,21
133,0
4494,34
2492,6
842,5
1035,1
5912,2
4250,16
876,0
4391,17
4203,14
135,0
1021,3
136,0
1330,5
5249,29
137,0
2804,24
4268,27
754,3
3064,39
2456,8
4290,15
3816,16
138,0
3764,7
556,3
1471,8
2232,3
737,1
4798,13
413,2
5200,29
900,0
6261,13
4851,41
907,1
3090,12
4471,18
3886,11
3800,6
692,2
721,5
924,3
403,1
4562,36
875,26
5316,26
2217,26
3266,24
2631,22
997,5
3278,42
5053,23
1224,17
4880,19
2255,20
5289,15
3482,14
2803,16
212,1
4283,19
5277,11
423,2
5086,20
598,2
885,53
943,6
190,1
1254,9
2002,8
2702,11
1458,5
5226,53
1264,10
2084,15
2066,23
638,1
4700,3
4875,25
3144,9
1065,2
3936,34
4885,34
2708,5
2103,12
1289,7
6172,26
5534,24
5344,12
2313,10
3160,10
1207,7
2735,24
5966,21
2771,6
3357,13
2537,26
1898,7
6418,13
696,2
1479,3
2760,23
1111,3
3951,13
6214,10
5376,41
1114,3
5721,21
379,6
1463,3
1340,7
6235,50
1540,7
315,1
2789,13
2516,43
6463,49
5202,16
1363,2
5406,32
5209,16
3007,18
6286,45
3822,18
3424,21
540,1
950,2
1753,4
1774,21
3837,3
965,2
4412,10
2439,5
769,5
2603,5
4608,39
2850,9
5775,36
4049,14
637,12
4219,31
2337,5
4479,21
6545,26
1817,6
1106,4
2902,11
4031,9
857,3
144,0
1672,1
4104,10
404,4
4866,23
930,1
1754,10
3929,14
852,25
2370,5
5694,11
4332,18
5354,12
5093,13
5333,76
146,0
4426,47
3957,48
6031,32
147,0
148,0
3583,13
3624,17
6336,6
158,1
2648,7
3294,40
873,5
6527,59
356,1
253,1
5609,5
5715,8
5931,17
4014,14
894,8
149,0
1266,3
3702,13
6047,11
2126,11
1323,3
150,0
270,1
5300,16
294,1
151,0
5956,21
1518,3
2041,6
4272,18
1801,4
5412,22
4310,11
4573,5
155,0
2248,17
156,0
6497,15
5778,13
4109,13
3060,8
3849,34
968,1
6334,4
159,0
2399,22
4335,15
1322,6
5742,0
5080,6
160,0
161,0
2695,6
6210,36
2184,15
162,0
6141,13
3063,10
3341,7
1873,1
5722,1
163,0
3470,8
4645,30
3682,13
559,4
3181,16
5165,6
1507,6
3484,12
3297,0
4276,79
3337,13
2905,24
2289,10
4532,20
3314,15
2185,9
166,0
970,9
5155,32
1515,32
501,4
897,2
3083,11
492,2
808,5
4884,9
295,3
6062,16
5283,32
905,2
4519,15
5899,27
2361,7
3696,6
3404,23
2957,20
6355,10
4967,15
530,5
6351,24
6024,16
1151,4
4666,3
6254,29
1903,8
3173,28
4873,9
2295,23
2822,12
3237,6
3930,23
6099,35
6289,23
2046,13
227,1
3943,34
1294,8
6063,13
2684,9
4314,17
5563,34
6534,11
3618,8
6245,70
1087,13
5547,31
5978,11
6525,32
1371,5
4920,33
1097,0
2920,7
5568,13
4259,8
6379,43
2452,3
2513,4
4950,38
1158,6
4843,12
2147,50
738,4
5258,41
1502,28
5525,14
1942,5
2914,18
4707,18
1248,4
1311,11
5239,29
2208,11
172,0
2155,6
173,0
5285,10
5542,24
5420,22
2937,7
1893,8
648,1
1119,6
2826,8
5091,11
174,0
3715,19
4850,35
1702,13
175,0
276,1
3290,8
3678,29
388,4
6518,24
676,1
799,2
622,5
2339,17
2137,19
5167,24
1582,6
1124,5
1012,4
2645,28
2955,22
1800,11
2750,5
4205,31
483,2
4439,27
178,0
3802,1
5305,16
6427,76
2058,3
1268,2
5628,26
2593,29
5656,31
2901,12
934,3
2540,7
2356,27
343,2
3782,35
5783,32
3572,12
608,1
5907,6
2268,15
6014,23
2520,9
1412,41
643,2
727,2
2795,17
4103,12
5317,12
5624,32
6376,9
2502,6
4679,44
2525,33
3445,3
5875,27
4533,13
5493,0
2971,45
182,0
2446,2
1060,5
1605,10
2967,10
4802,28
374,15
5391,10
453,1
3958,24
5506,8
2251,4
2515,24
5074,32
1591,8
3145,11
4230,71
2006,2
4285,27
6246,22
3803,30
6122,41
1324,3
185,0
324,1
6387,35
186,0
1193,7
6111,19
187,0
233,1
3971,20
3248,3
4823,16
4530,16
5587,14
4831,6
4833,8
4837,19
2168,14
2486,4
5201,7
5527,31
6179,25
2392,17
5110,43
3246,6
5109,2
848,17
260,1
4321,6
4425,8
2862,7
189,0
2304,10
5858,0
880,1
1006,1
221,1
562,1
3211,6
191,0
5051,25
3597,29
1976,6
3332,18
6366,9
2791,16
2573,36
2128,1
2152,2
5592,20
1129,3
2264,5
3490,3
6461,5
1096,3
685,1
274,1
4537,3
783,3
6472,86
3299,49
3315,8
4058,8
481,1
2283,6
288,1
1541,5
6458,43
4796,13
2744,14
2588,24
3870,3
5311,8
1250,10
1558,8
1887,3
1697,0
1075,5
4626,22
1090,24
195,0
196,0
6115,19
198,0
4725,32
684,4
2814,17
4842,22
4119,2
4756,90
5120,68
5123,21
3146,23
5015,27
2504,18
5355,50
4536,36
4806,6
4156,30
200,0
3681,18
201,0
6495,0
375,5
202,0
551,2
2721,11
700,2
5467,32
3331,1
1894,7
2668,7
1312,2
2656,10
1727,8
4086,14
6010,8
391,4
1948,14
3871,12
1914,8
1110,7
1354,5
5463,26
1128,5
4731,46
2892,16
2162,4
4650,23
1943,18
5922,15
5734,3
2175,15
3503,10
5611,15
3505,6
2390,4
6033,17
6368,12
3512,21
1747,7
2385,2
6278,25
6456,72
5003,47
566,2
2112,3
5149,16
4596,12
5251,40
29,0
506,3
4500,0
6328,25
3646,8
4043,26
552,2
271,1
3885,21
206,0
4441,19
207,0
208,0
2156,2
209,0
4304,24
3817,7
5224,48
3590,16
31,0
1388,3
455,1
1390,7
6410,1
211,0
1785,2
4124,2
291,2
4140,71
3008,11
3690,9
833,1
2755,5
213,1
3848,5
3663,57
1677,2
5257,2
1180,5
2125,8
3529,4
4568,17
5170,26
4520,71
5655,0
4398,20
293,1
2890,3
4099,15
5159,6
4007,24
5148,32
2059,29
2478,6
5703,38
3036,1
6445,45
5830,25
2851,4
3619,17
396,1
5195,10
4352,21
6226,9
5276,15
5957,15
5021,15
1844,7
2827,14
3066,10
4430,22
2819,4
6233,90
5409,29
6413,19
215,0
2932,11
216,0
2450,3
4255,8
218,0
3082,4
1223,4
3177,46
2169,5
607,1
3199,12
3810,7
542,9
3339,19
114,2
2188,3
1709,19
1176,21
4684,15
555,2
3940,12
3405,1
3348,10
888,6
3370,5
220,0
720,2
2849,7
6283,12
2196,10
222,0
1053,3
2016,6
3743,7
704,3
4192,30
223,0
3234,5
2054,16
5018,11
3516,8
1731,0
4570,18
6507,6
4690,43
863,1
3136,10
2900,14
5806,8
4388,10
3561,3
228,0
1580,9
725,1
5635,22
563,21
1999,25
3488,4
1380,9
1232,2
4280,30
819,4
230,0
4111,1
1858,29
664,4
2437,19
3159,24
3317,14
232,0
5868,8
2629,8
2190,38
3032,21
5763,25
2895,7
1406,4
4858,42
3962,14
641,2
2690,15
5204,12
6316,59
3688,22
4694,3
235,0
236,0
3415,8
1480,8
237,0
238,0
5724,26
2029,5
4773,16
2669,17
4325,22
3985,14
1137,4
6347,24
4411,37
3059,23
525,1
1602,4
4050,29
4054,17
3174,14
3355,29
3966,22
239,0
240,0
5871,31
3757,7
2976,13
4044,16
349,1
3889,12
3890,3
5292,30
3084,31
2481,16
1851,6
936,5
5798,43
2951,22
1459,2
4992,60
3325,13
1641,11
2145,3
1209,2
3255,16
1490,4
5145,77
890,4
5673,71
3030,52
242,0
1189,2
1849,3
5458,25
3318,4
243,0
3196,8
244,0
6249,19
2980,10
2670,5
245,0
252,1
5887,3
1819,11
1280,9
1630,3
5483,36
5903,78
4252,2
613,3
4144,32
6390,9
3494,11
5705,12
1842,15
1255,2
4294,26
4323,40
4867,7
3430,10
3328,6
3228,27
3925,14
4779,20
5941,12
2490,16
2302,51
5113,6
2027,3
4464,25
5546,14
4634,20
3953,16
4909,26
5769,12
3973,10
5374,20
6364,2
2977,24
1366,46
3189,55
6446,6
4949,37
1532,4
1533,9
5213,43
1169,3
4816,13
4965,9
5689,29
735,5
5452,1
5297,17
1162,2
5218,15
4764,16
546,1
3596,13
5286,6
2415,5
4770,11
4982,25
1603,6
5674,22
247,0
248,0
2555,1
1310,5
250,0
1912,6
5373,6
902,3
495,2
2942,12
5395,13
3180,12
5112,14
5135,3
1063,6
254,0
2477,14
1277,4
5203,10
3717,29
1181,7
4603,33
2467,14
2838,31
4326,26
6175,23
4629,21
2508,21
5220,28
2781,17
568,1
3544,17
5141,14
6471,18
683,7
256,0
3378,41
1088,1
5951,12
2846,17
1,15
2962,3
5579,14
3043,11
3652,35
5933,13
2135,4
5946,2
2417,14
3024,9
4196,29
1037,7
2347,20
2506,19
5528,26
5100,17
1484,57
6292,20
1892,12
6350,40
3068,20
3909,30
429,1
3819,28
5398,27
1757,7
3528,3
1674,0
263,0
3275,31
5788,8
4610,43
5637,23
6482,39
264,0
265,0
6335,2
266,0
2553,11
1011,10
267,0
2893,6
5626,16
1073,10
1488,16
1305,8
1985,14
4385,19
4155,71
3844,39
269,0
5222,10
955,2
3432,31
2863,1
4709,36
2868,6
4668,14
4849,10
2559,6
4572,23
4751,20
1710,6
5295,13
3919,30
4153,7
5163,22
3426,12
5116,6
3753,21
5900,43
328,1
6170,40
416,2
925,3
2651,12
2489,6
273,0
2095,22
1595,1
3598,11
3704,17
275,0
2117,7
1997,7
2078,19
944,2
5961,13
5227,31
2671,28
1095,2
6036,13
278,0
5732,5
2176,10
1789,0
6524,5
2408,6
5375,15
503,1
3720,3
3938,30
5187,13
487,4
5246,23
3166,11
5024,1
3226,6
6123,23
3288,29
4037,4
1815,5
1503,13
435,1
4702,11
1492,1
6450,69
3601,33
2245,8
1004,6
5060,7
4077,20
5484,35
6514,14
1642,7
834,8
6371,4
3537,3
4300,19
2985,8
3213,2
4498,23
4604,26
5747,10
2732,9
5340,7
3766,7
4943,8
1086,7
3647,11
2375,12
4362,2
305,1
4552,23
951,3
5725,28
5802,19
4147,35
3208,28
2171,10
2880,35
4561,12
4238,25
4715,2
5824,9
5212,26
1499,6
699,5
1167,1
3833,8
1981,4
5432,37
1787,4
1398,2
5515,21
533,18
3649,18
3862,7
2131,7
286,0
3912,8
2766,18
1382,5
3609,28
1125,0
1050,7
4337,23
6119,17
1827,5
2604,1
728,2
4986,18
289,0
290,0
4393,40
2189,3
2405,12
1763,1
2549,31
2420,10
6220,6
1768,9
3659,10
5279,16
1772,10
4370,19
5838,22
6521,16
2694,1
5241,27
1508,2
5991,4
458,1
1428,3
6385,10
5805,25
2377,7
6146,18
5750,1
742,1
4728,26
1556,20
5431,12
71,1
3765,5
3257,7
5327,20
3113,4
6287,9
581,1
297,0
298,0
5029,2
300,0
2148,4
606,3
1798,1
6416,15
3218,7
1256,4
4549,44
3185,13
2086,12
3437,24
758,5
1042,11
4775,12
302,0
338,1
2226,0
1148,6
6182,14
3417,13
3001,30
6388,33
981,6
3976,30
2657,4
6095,8
306,0
5490,1
3469,23
51,25
309,0
489,3
310,0
4141,4
1964,0
226,3
5269,38
313,0
6297,17
314,0
3991,5
6011,29
316,0
5047,6
3830,12
3911,12
3369,20
4789,6
317,0
3198,4
5958,38
5555,21
1145,3
1348,10
319,0
1057,4
2754,8
2558,5
1098,5
3115,11
5503,49
4433,2
322,0
1971,2
4374,9
2995,1
1648,5
1349,4
2688,8
4630,6
2693,11
2336,8
4993,12
660,1
1431,1
5173,14
4908,31
691,1
599,10
323,0
296,4
4791,3
464,1
3184,7
5809,28
2037,7
1476,14
4637,4
3855,25
4375,6
6195,29
325,0
6457,21
3978,16
653,22
1283,4
5757,27
3078,5
326,0
2256,12
5845,2
5897,9
5879,3
1636,3
5876,36
5164,60
5064,9
1186,9
3216,9
337,1
796,4
5882,14
6275,2
329,0
330,0
5653,23
4469,5
3481,11
1239,7
5984,9
5567,13
5785,15
614,1
4468,3
1210,13
3599,3
941,13
847,2
2620,11
4499,18
1818,7
364,1
4657,30
4094,3
5654,63
1489,1
5494,10
5043,12
333,0
5774,3
334,0
5836,14
1860,4
4397,19
335,0
5181,6
5895,18
4649,15
6191,95
2596,3
543,2
4220,6
2927,7
1197,5
4082,7
1437,12
339,0
868,31
1143,1
341,0
1606,3
342,0
2160,1
2036,3
6187,8
1118,3
345,0
346,0
4639,6
2473,5
5990,20
3881,10
2954,12
1407,19
4753,12
3967,14
5104,11
2335,6
348,0
2961,26
3074,8
6176,23
1528,4
701,24
2221,5
5663,14
2153,0
2759,4
4712,19
352,0
6234,0
4265,11
1889,6
2591,2
784,1
5791,7
1531,12
1843,2
354,0
4963,20
2861,10
4994,25
5782,1
806,4
3723,12
3887,19
4172,9
4551,17
386,1
4068,22
5625,14
5671,10
624,1
6250,14
2487,4
5499,6
1457,3
6485,26
2400,11
2752,13
5328,38
6157,18
4740,58
3487,3
1389,2
4418,24
872,3
1956,4
5455,5
5428,19
5561,3
2546,10
4746,4
4564,7
1116,9
2165,4
4559,7
4142,28
359,0
360,0
6429,5
4667,5
5634,2
4174,6
4512,18
362,0
365,0
366,0
3804,4
2197,19
3843,12
367,0
4804,6
3076,10
1883,4
368,0
2857,9
3088,16
3414,13
611,1
4691,18
3282,6
468,1
3543,20
879,4
476,5
3190,18
3244,10
743,1
6228,22
2206,20
370,0
3942,12
371,0
4178,8
1613,4
666,1
2219,3
3420,30
372,0
5862,3
2281,3
373,0
2929,5
5457,0
5124,4
3441,4
2696,3
773,1
2209,2
2945,22
3993,3
1930,6
4316,6
1988,8
1733,2
2642,14
6305,5
4328,11
2966,25
3222,3
376,0
377,0
448,1
4161,10
5474,3
594,2
974,1
6053,20
4935,8
4198,10
2854,26
4467,17
1157,2
380,0
2575,3
3396,13
381,0
382,0
3807,9
2815,6
3436,3
383,0
385,0
1473,4
1221,2
4763,23
3562,8
6042,24
3431,8
1061,5
6285,29
5892,31
5028,29
387,0
5439,7
5378,6
5234,30
5133,29
4222,46
2844,5
4015,2
5760,11
1620,11
4862,9
4112,18
1094,8
390,0
5977,17
392,0
393,0
507,2
4106,18
1107,8
3965,9
1782,21
2363,12
5529,37
751,4
397,0
3123,30
6323,4
4757,15
5023,27
4768,23
4792,1
4612,6
3204,12
400,0
787,3
3784,2
674,1
1950,6
2881,12
5256,21
405,0
2403,10
5364,4
681,4
407,0
5347,41
4154,7
1588,5
2705,6
1962,4
2325,1
3099,10
3752,3
5058,28
1009,2
2469,3
5580,13
1649,4
1848,1
2143,10
1273,1
6218,32
861,3
454,1
1886,3
4298,8
2964,15
975,5
5524,4
5574,2
3195,5
4165,9
1723,5
5594,9
4148,19
4327,8
2394,14
4580,11
6045,30
1395,4
6523,20
4010,6
1493,8
5253,21
3438,5
987,3
2441,2
1375,10
1928,5
4480,8
2845,2
6027,5
1456,3
1327,4
6367,4
5036,14
3509,8
496,1
5386,13
6449,18
1881,7
3413,10
4671,17
3169,12
3733,1
2099,5
569,1
4518,37
3858,10
1497,3
5129,13
3048,9
3040,11
4652,4
5808,15
415,0
6300,20
2667,11
1536,7
6530,16
2350,7
1495,4
5533,2
4448,6
6212,57
3380,3
1014,2
1013,5
4093,11
2998,19
6383,44
966,2
2305,7
2543,10
5771,33
504,3
3371,20
4062,11
419,0
5191,1
1215,5
5275,22
6105,7
1626,9
2051,9
933,4
5532,25
1247,2
837,2
6162,6
1270,2
2924,12
5726,18
3607,4
5735,4
1680,10
4509,4
1404,2
4493,6
4894,12
3058,1
6202,8
4939,10
2577,4
6421,19
6263,10
5559,13
1779,7
3964,16
2222,4
4353,10
980,2
595,1
4558,8
838,2
3200,6
5993,15
2282,8
5950,15
972,18
2369,14
5194,21
4743,49
5593,13
1317,6
6380,26
4026,8
3142,3
3651,27
3661,11
1615,1
2527,27
1845,10
6358,22
4108,17
2299,3
4481,6
2501,14
2092,2
2018,9
451,1
5681,2
4133,7
1299,2
682,3
1859,3
3175,10
4946,17
921,4
2586,5
1385,4
5716,3
1153,5
5820,26
2949,19
4984,17
3612,9
5225,12
4581,14
1980,4
2691,3
1393,4
6330,5
575,1
6483,6
2921,5
6453,9
1918,1
499,1
810,1
3789,6
1720,3
4394,4
1925,8
1257,1
4593,28
5623,2
5436,6
2685,3
1302,3
5659,3
937,3
3129,3
6193,2
2351,16
424,0
425,0
2922,9
5115,12
2376,8
2118,3
1977,4
1854,4
4883,11
5073,15
6348,3
3923,1
4933,1
2498,9
4435,7
5896,4
1182,4
457,1
631,2
6088,4
1423,4
5061,11
4452,1
1655,17
6144,27
1643,5
2081,4
3137,5
5960,21
2800,11
5730,13
2659,14
3742,10
4807,3
2312,9
2988,13
2104,2
4710,15
5998,19
3398,1
5405,26
4919,16
3141,6
6050,11
5640,12
1805,1
4046,37
1574,6
1203,5
5940,5
724,3
2433,7
1144,1
6377,29
4633,14
2888,7
434,0
5106,17
1749,6
3352,7
5618,44
4486,8
2637,11
4830,17
6465,10
437,0
2909,14
1338,7
438,0
439,0
512,1
1001,2
4278,8
6313,1
3395,14
5504,1
4416,4
5935,7
5749,4
5953,20
1519,10
3628,4
2785,14
2542,0
444,0
3268,0
3029,5
5603,13
447,0
5987,15
4286,2
2344,5
2038,6
707,1
4195,19
4344,26
4438,20
6320,9
3694,15
5595,11
6430,13
3206,8
4275,2
3463,2
2270,9
3740,17
5404,42
6280,7
4000,12
1692,6
1120,4
4644,5
2164,52
3108,6
3869,19
2500,2
4262,17
4723,5
971,2
2634,14
2548,9
6259,32
459,0
1410,1
6005,4
4742,14
3977,41
4490,1
3834,6
3744,28
3996,9
5642,6
5797,5
1194,5
462,0
4922,3
3151,12
4173,8
3813,2
6402,14
3706,5
2493,14
919,11
466,0
2805,8
1300,2
6464,11
4289,9
4973,13
1453,6
1451,4
4306,3
2163,2
2823,5
3435,31
916,3
3249,5
4554,16
3269,11
828,2
6408,21
5136,23
3824,9
5944,4
4055,2
3128,1
4057,20
776,2
4916,3
5949,1
3382,8
5380,12
4190,3
1611,2
3499,12
4113,4
1867,4
1581,5
2406,4
5379,8
841,4
3049,25
3838,4
3362,5
3554,18
473,0
5890,16
2566,14
4548,9
2886,8
5584,2
6015,9
3693,5
3251,16
3135,13
2716,9
2841,21
2943,12
2950,8
1797,7
6459,41
5870,16
5138,22
474,0
477,0
478,0
6076,4
4260,6
4095,3
3893,6
1436,1
995,3
617,1
2020,5
2074,3
3636,9
6156,7
1187,3
1888,3
3354,15
5766,7
2334,2
5050,24
6206,12
5779,3
1084,2
4955,25
4964,18
5745,9
3818,11
3738,4
505,3
2689,8
1188,6
6064,12
3444,10
3451,1
3860,17
2655,8
5566,18
6092,20
5981,23
3349,11
2742,8
5719,10
1353,1
5143,20
4307,14
6125,2
1040,3
129,4
5934,26
5514,1
3933,11
4540,6
5975,21
912,2
3775,5
4929,11
2349,7
1722,1
2579,4
2786,10
1191,2
3256,14
3799,10
3238,7
6508,29
2632,7
2220,7
485,0
1308,36
4386,21
4466,4
488,0
3373,2
2780,9
2510,5
2879,5
2524,2
491,0
1400,2
6107,15
493,0
1278,28
4911,17
497,0
3443,6
498,0
2395,21
3131,4
4235,13
2562,13
6503,8
5818,23
1833,11
2840,14
2060,12
6155,6
4674,12
4902,1
4134,9
4181,9
6492,2
3606,10
5335,17
717,2
3820,17
1583,8
4526,9
6091,45
1217,4
6035,20
3934,5
3928,12
3946,6
4847,30
5186,7
3949,5
6081,2
5035,17
509,0
597,1
2782,23
510,0
511,0
1246,3
6103,22
513,0
839,2
4476,15
5666,22
2745,14
515,0
2443,1
1578,9
4132,4
4135,10
1878,17
5485,0
4578,5
518,0
2000,4
5606,21
520,0
521,0
1861,10
2970,9
522,0
5088,12
523,0
5056,13
5403,3
789,3
3235,8
526,0
527,0
3616,3
3281,9
2832,12
2678,1
1329,2
531,0
3111,2
4502,22
2870,28
6039,20
688,21
536,0
537,0
5891,12
538,0
4455,6
1651,16
3713,13
2497,5
850,3
1272,4
2824,23
5336,12
4152,7
3079,11
5789,15
2564,8
911,2
913,3
2572,7
922,1
4708,13
2494,2
4242,7
2613,7
550,1
1775,3
831,12
4303,5
1026,3
989,1
3077,17
4619,23
1031,1
4628,21
1010,3
2265,6
5128,5
3541,14
4343,20
1132,1
4369,6
3593,13
1963,5
5366,21
1567,2
4404,12
6504,12
5645,5
767,2
5247,15
4422,20
541,0
5473,21
775,2
656,1
1293,4
545,0
5576,3
6109,15
5472,17
3342,10
548,0
6181,9
5687,16
3194,9
2630,12
1592,2
5157,5
1218,4
4966,6
2809,9
1376,4
2107,8
3383,2
5131,20
4424,11
985,1
6339,13
5013,18
5464,4
4786,11
4968,5
558,0
4102,7
1569,1
6029,5
2005,2
5869,5
6365,13
560,0
561,0
5357,12
3201,10
6216,4
745,1
6531,14
565,0
5754,11
6059,2
2077,8
2388,10
2534,4
860,1
851,1
711,1
2471,5
2309,9
2368,8
5752,5
6028,22
5883,8
3464,8
1192,6
3532,22
4750,6
3480,1
2008,7
2307,11
3901,7
572,0
2279,2
573,0
574,0
822,1
5421,11
649,1
3092,18
1033,3
5973,15
6083,13
5784,19
3006,4
3774,10
579,0
4215,2
4898,21
5872,12
1225,3
917,1
583,0
6023,5
2673,2
3643,10
2757,16
2151,13
6346,8
3493,3
3309,12
350,14
2698,4
665,1
5026,9
1804,5
589,0
2539,15
2387,3
1481,2
5835,41
4646,18
5877,29
593,0
3900,13
2858,8
5964,6
2736,4
4228,7
3756,0
3767,0
5172,4
2425,4
3214,14
793,1
4550,23
603,0
6395,3
3345,4
604,0
3605,10
605,0
5825,7
2699,8
1159,1
1425,16
2767,2
2796,7
6267,17
6296,7
4319,15
749,1
2057,6
4772,15
5513,8
1862,1
5676,16
3670,7
2035,8
948,1
3668,14
1575,6
6110,13
6112,26
4828,7
4090,8
829,2
3311,1
5714,5
1259,5
557,9
2947,3
2926,10
5729,24
3333,4
5280,5
4886,18
1291,1
3091,15
1319,7
279,3
5358,2
3610,4
4927,15
4932,14
654,1
2146,5
4387,5
914,3
4553,13
2991,21
6240,3
4188,1
1743,1
1752,2
1369,3
2747,5
5415,19
4207,3
4990,16
5488,22
2203,3
1387,8
5006,13
4274,2
1793,1
3054,13
983,3
3452,12
5030,4
6030,14
5878,14
3865,3
2660,5
4256,1
5318,5
2935,7
4643,18
3821,15
3485,26
1391,2
1027,1
5924,23
4130,9
6166,13
3118,13
1996,13
636,1
4987,5
1064,5
835,4
4204,7
3150,1
5678,13
2021,7
5338,11
5544,9
2320,9
1085,2
2664,5
4720,11
4841,3
5168,9
1044,4
4351,9
6003,41
6067,33
5983,31
3577,10
1901,3
4732,9
3586,8
2293,5
6135,10
3044,2
6268,14
2294,5
733,2
3778,12
3602,12
694,1
5902,10
4760,28
6484,2
2811,5
6486,16
5874,4
5223,9
2398,1
6493,23
752,2
756,1
4403,4
443,2
5448,18
2413,10
2633,5
6522,13
2341,7
3653,13
6535,20
4053,3
2013,1
3242,2
3660,3
3267,6
217,4
5346,15
4675,6
1101,4
615,0
5072,3
2644,12
6145,4
5581,43
5334,8
618,0
1487,1
619,0
621,0
800,1
4868,6
2975,13
6086,10
719,1
3057,2
1350,1
6363,7
6242,3
6397,23
1966,2
623,0
625,0
626,0
5662,9
3913,0
629,0
2215,3
4088,2
630,0
632,0
633,0
634,0
3669,1
639,0
961,1
5304,5
4594,12
3460,6
5786,6
642,0
4377,10
1024,2
6022,6
644,0
645,0
647,0
4186,8
651,0
3205,9
3232,10
655,0
3154,4
3162,7
5210,8
1309,1
2806,8
3009,4
661,0
4848,6
4060,5
667,0
3700,9
1030,3
3478,4
976,2
3416,4
5646,16
670,0
5352,16
6225,11
2820,3
4560,2
5718,1
5348,24
2963,5
5267,6
5160,3
672,0
4781,11
3176,3
678,0
679,0
4324,2
4765,12
6331,9
1924,3
3411,1
3071,7
3519,8
4390,13
6357,17
1433,8
686,0
2272,7
6436,3
689,0
4357,2
4021,8
4145,2
1066,3
1994,2
6129,0
3019,7
6255,32
4907,8
698,0
1920,3
6332,4
3112,5
750,1
3633,6
3697,13
5134,6
1664,1
1281,2
1657,2
3479,3
1584,6
5401,11
5982,12
5834,4
3721,7
2216,1
2223,1
4105,27
1762,3
6266,18
3750,9
1961,1
4437,9
5575,2
708,0
709,0
2308,3
1669,1
1619,2
1632,3
4832,8
1644,6
3310,4
3322,4
4872,2
5632,9
1706,1
4914,1
3386,4
3387,6
5146,8
3394,5
723,1
1732,1
3403,1
1737,1
4085,2
3412,5
4171,7
4180,11
984,1
5010,11
5012,2
1113,8
3446,16
5032,9
1807,1
4508,4
1830,2
5084,12
1466,3
3511,8
3514,3
840,1
1864,1
1866,3
3520,4
3534,15
3540,15
3548,3
5444,10
1895,2
4208,2
1402,2
5071,1
5179,9
3566,3
3324,5
5948,9
3613,19
6120,17
1984,1
5492,7
3640,15
2007,2
5255,5
5616,15
5265,5
3662,14
3674,6
2615,1
3686,14
5290,18
3692,8
635,4
3707,2
5303,7
299,12
3718,4
3876,6
3724,2
3730,8
3731,1
1693,5
3739,2
5331,5
2855,6
5345,13
6434,23
2141,3
3794,10
2154,19
821,1
3801,9
6505,9
3468,3
6536,9
5402,13
2186,3
3187,5
3835,7
2201,1
3961,2
3559,10
5776,1
4790,3
2231,2
2235,3
2236,6
2237,4
3866,1
5739,1
3880,8
601,9
1715,1
5496,5
646,5
781,7
3956,11
1022,1
3960,9
4224,3
3979,6
3980,5
3981,9
712,1
715,1
3994,10
5605,15
1204,1
4008,4
2391,4
181,4
4680,7
1173,9
2411,3
762,1
4670,10
5665,4
786,1
797,1
4814,2
2449,3
2451,2
811,1
4072,2
5686,5
2032,2
4777,20
5700,5
844,11
4131,5
5755,4
3737,2
2544,1
2547,3
2550,2
895,1
2557,14
4703,3
5787,18
918,1
2578,3
2580,4
2581,4
4189,8
946,1
5833,1
2611,6
4213,20
2652,4
5852,14
5800,2
5854,6
5713,6
5864,15
4237,7
4246,12
4247,6
5880,23
4251,9
2663,4
4264,15
2590,19
6222,10
4284,13
5928,12
5607,2
1052,1
2710,6
2711,4
4315,1
2726,5
5959,11
6143,11
3377,2
1092,1
1109,1
3521,12
6001,18
2777,5
4365,2
2787,7
6020,4
4378,4
2817,1
6041,12
1184,1
6057,15
2837,8
6079,12
4431,10
6089,4
1212,1
6094,37
2869,1
4447,18
5502,14
1229,3
6113,21
4164,8
1236,1
1238,1
1241,2
6118,14
2908,9
6137,9
1267,3
1287,4
1301,1
1361,3
1315,3
1399,5
5066,10
3225,11
6211,2
1332,4
2978,9
1608,3
6243,13
1352,2
3000,8
5372,13
1370,2
3018,8
1469,1
4577,2
1792,1
3041,1
6294,14
6116,8
6180,31
4632,4
5434,14
3106,13
6356,8
3110,7
3114,6
1448,1
3785,7
4669,4
3124,2
3126,2
4676,10
3143,7
2701,2
5965,11
6512,16
6393,4
5101,7
3163,14
1498,2
2636,13
4718,1
1516,2
6452,11
4733,11
3207,9
1550,2
6284,32
1557,2
1560,3
4752,9
4754,3
3015,1
6481,20
1570,5
1572,2
2996,13
3038,4
4776,3
4780,10
5520,3
3240,3
1585,3
6519,6
3496,12
3161,3
4800,7
2519,2
6539,10
5751,2
713,0
714,0
6044,3
716,0
1023,1
4083,3
5799,6
4330,3
854,2
6051,10
4409,9
3851,3
1017,1
5599,8
4826,4
6345,15
2034,4
4504,5
4819,10
6533,7
2140,1
1102,3
5231,10
5054,14
2082,2
6293,3
1304,1
6381,14
4273,2
4461,7
5962,19
5860,11
6186,14
4338,2
4696,4
740,0
1941,2
2461,3
5152,3
2136,5
2565,5
4948,0
5863,0
5512,12
4191,10
3402,0
6277,4
757,0
4389,5
5278,2
6048,5
5193,4
2797,4
4693,14
3406,0
3302,28
5382,4
5176,2
2999,4
1673,2
3447,2
6546,4
2225,8
2199,1
5773,5
3939,8
4045,6
2617,7
1618,1
4863,3
4869,13
3323,1
3580,2
3344,8
3372,4
1373,1
6311,4
6260,4
3423,14
4991,4
4996,18
5033,17
3466,3
1258,1
1820,2
1337,12
4567,2
1415,1
1846,2
4682,17
3522,7
3525,11
5441,12
261,1
5139,4
1897,2
1899,1
3556,6
1905,3
2100,8
3570,2
1929,2
5939,6
570,2
3641,1
5245,7
5560,12
2010,2
5261,20
3667,6
5696,9
5282,7
2053,2
3247,2
2602,1
2056,4
3709,16
5306,7
2080,1
5324,11
2865,3
3760,10
5216,2
5368,12
6183,6
3167,9
2158,7
2177,2
2178,2
5435,9
3842,8
1444,4
3891,6
2266,1
2278,1
3915,2
2306,4
2314,2
5538,7
4176,7
3127,7
2343,5
2346,3
772,1
5585,5
1112,9
3987,17
2379,6
4005,3
5709,5
5608,10
4013,7
5636,20
5638,2
4683,7
4035,13
1439,6
5657,8
5189,5
2447,9
4070,4
4080,5
4084,3
3153,5
5698,6
2484,2
4976,8
859,1
5738,6
2675,5
867,1
5753,6
2150,8
882,1
5768,5
2563,5
4582,12
5620,4
952,1
957,1
4217,7
5856,19
2643,1
5866,12
4240,8
6018,9
2624,2
5888,17
5898,11
4277,12
5906,7
3147,1
5011,9
1028,2
5930,4
4305,8
4322,20
1794,8
2739,3
2741,2
2743,8
125,3
2751,11
5994,4
4358,21
4359,2
6006,2
4360,14
2783,2
2183,2
4380,8
1161,1
4399,2
2835,1
1185,1
4414,9
4419,2
6075,4
4444,8
2875,5
2884,2
6114,5
2887,8
1292,1
1139,1
1260,1
6299,12
6167,13
1295,1
4524,18
4525,7
6194,19
1381,1
2120,7
3768,11
6236,12
6239,10
1351,1
3005,2
4139,11
1374,7
3026,11
1379,2
1383,3
4587,6
4592,13
4606,5
6309,8
6319,11
2973,4
3085,10
3089,10
1427,2
5682,32
3104,5
1501,14
5486,8
5046,2
3121,8
6370,4
5377,3
1467,1
6038,22
798,6
5704,13
6396,2
6399,3
4711,8
3179,1
1514,2
3439,4
3192,7
2428,2
4730,8
4736,7
1549,1
6468,10
3221,3
6480,4
1565,1
5312,4
1059,2
3033,9
1871,3
1589,1
1598,4
1601,1
4745,6
5985,16
3790,5
2628,3
1951,5
4232,5
6529,7
780,0
782,0
788,0
5162,12
5644,6
6312,31
5925,7
304,19
792,0
4889,7
794,0
1634,3
5361,6
4738,7
3708,5
802,0
803,0
5918,10
2091,17
807,0
1486,2
3456,1
809,0
2894,5
812,0
4821,14
1955,2
6192,15
2621,16
815,0
2748,6
2329,20
3595,2
991,1
2718,3
2530,2
5443,13
4815,16
2353,6
2373,2
1755,1
5118,13
3233,2
1029,11
3307,4
1547,1
5997,1
5591,12
2931,3
824,0
2364,2
4485,4
826,0
827,0
1635,1
4257,7
3448,6
1362,2
5004,5
4199,5
1546,3
2243,3
6477,10
5363,16
836,0
3770,7
6314,10
4861,10
849,0
6352,7
855,0
856,0
1413,1
4016,5
3812,1
5764,2
1326,1
4169,8
2733,6
3798,17
2756,5
864,0
1587,1
3474,1
6304,29
4138,13
2121,2
1624,4
5733,14
2111,3
3875,2
4474,1
2595,4
3839,13
4590,6
3997,6
2658,13
1426,2
3656,1
878,0
881,0
5545,0
887,0
2274,5
1316,2
3035,1
5947,2
893,0
1535,1
2612,10
1069,1
5848,11
4263,15
3726,7
139,0
610,11
6198,7
6161,13
5081,30
1122,1
906,0
908,0
3827,0
909,0
6252,14
4446,11
3567,11
5643,1
5553,0
6264,4
3906,2
2431,1
2440,1
5853,0
4427,8
3183,3
340,13
5076,14
935,0
5044,4
5803,16
3098,24
4118,5
6196,9
1968,1
5370,10
3381,7
3401,3
2626,3
4597,14
2860,9
6163,7
5839,0
5583,17
939,0
4834,5
3300,2
4853,7
5205,3
5413,4
1947,0
6209,7
6489,13
5905,10
5270,7
2106,4
3012,4
5683,5
1739,1
953,0
3421,2
956,0
4267,13
3125,2
3363,2
1521,2
3002,4
3711,2
5929,2
4515,13
967,0
973,0
5562,0
2366,4
5831,2
978,0
982,0
3736,2
986,0
4511,13
992,0
993,0
4631,5
4523,7
6409,24
6074,6
2227,1
3777,3
3285,9
2396,3
999,0
6532,15
3555,6
6093,2
5569,0
1002,0
1003,0
2666,2
4672,2
1265,1
2828,4
1313,5
1008,0
1510,5
5841,10
2928,4
1577,2
4311,16
1678,15
2843,5
5518,25
2883,6
1220,1
6142,7
1262,1
3734,4
1279,2
1339,1
5741,8
3676,7
1686,1
5759,1
4904,3
2129,1
2144,1
4812,2
1016,2
2241,1
4653,7
1039,1
3921,3
1865,1
1870,5
6384,11
2772,1
1718,8
5970,13
4279,8
5658,1
5980,9
5360,3
1933,3
1949,1
5795,10
1146,1
6491,11
5049,9
6510,4
6439,6
3657,6
5197,4
5672,6
6537,19
1835,1
3428,7
2384,1
2291,1
5885,6
4012,3
1034,0
4206,12
3336,5
1038,0
5147,5
1517,2
1048,0
6282,2
1049,0
4183,9
657,1
3047,9
4020,24
3419,1
1054,0
2332,2
1773,1
2382,2
4855,2
4516,0
5577,3
4373,1
2174,2
5321,29
4158,1
4531,4
1068,0
3223,5
5505,9
4503,11
5390,4
1938,4
5969,33
2389,6
3260,1
1076,0
2472,2
1852,4
6288,4
5557,6
5238,5
5228,5
1089,0
2872,5
494,1
1880,3
5649,5
1099,0
5411,1
3303,2
2254,2
2134,1
747,2
4985,5
2610,3
4747,3
3974,7
1103,0
3811,8
963,3
3914,6
1105,0
4538,3
3271,8
6247,28
1902,1
1645,3
2083,1
6174,1
5954,10
5938,4
1813,1
4347,5
5999,10
2923,4
2280,1
5215,5
1093,2
1117,0
697,7
2242,3
280,0
1126,0
1790,2
2889,1
1130,0
1131,0
3703,1
6159,5
6117,2
1970,1
2910,1
6054,4
2723,3
1136,0
3621,1
3107,4
1965,2
384,0
5480,3
1214,1
1149,0
6340,2
4372,6
6077,2
1359,1
5540,0
4576,5
3864,1
1811,2
3293,3
1237,2
1438,3
5815,1
3728,3
4123,8
5371,3
4475,6
1750,16
6274,3
1778,1
3052,4
6301,13
1600,1
6127,12
1850,4
3762,4
3229,3
4729,6
2090,3
3075,2
1202,1
2069,1
3571,2
6066,7
4401,17
5022,6
6253,5
3608,2
1164,0
1168,0
5158,7
1525,1
2276,2
3119,2
3828,2
4881,3
1172,0
1175,0
4491,7
4688,6
1177,0
5979,9
3689,2
6470,5
5619,2
4249,13
1417,1
1199,0
1201,0
3117,6
4859,2
1206,0
6435,6
5790,3
1403,13
1213,0
3011,1
1216,0
3654,4
6353,4
6417,2
1512,1
5002,4
3273,2
1228,0
1231,0
3504,1
1234,0
1235,0
2483,2
2359,4
1243,0
2821,1
5668,1
3241,1
4958,5
6509,3
4547,7
5293,7
4620,3
2839,1
4309,2
5615,3
6478,2
4128,10
4744,29
2275,1
2328,3
2714,6
1629,1
2033,4
6306,9
1269,0
3836,2
4767,2
1735,1
1987,2
5098,4
6462,5
3295,7
3845,1
6438,4
4983,5
1783,1
3553,1
4022,2
3982,1
14,0
3062,1
1307,0
710,8
5702,4
4209,2
3518,4
3549,13
1599,1
4635,6
5932,1
1333,0
6132,7
2040,1
1335,0
576,11
1576,1
4934,7
5350,4
6102,11
2808,3
6362,5
4116,2
2476,4
1347,0
5920,13
1452,1
1688,1
1357,0
1640,1
1454,1
6373,7
2818,1
4844,3
1378,0
4225,8
6369,5
5886,10
1689,1
1816,1
2758,1
3191,1
6021,4
4940,2
1396,0
1759,1
1318,0
2987,1
1408,1
3283,3
4182,2
1414,0
1416,0
1418,0
1420,0
4618,3
6343,6
6227,1
1523,1
1434,0
5976,2
4001,5
1927,8
3347,4
2576,8
4281,8
1441,0
1447,0
4061,1
5284,0
5996,6
4313,3
1455,0
4535,3
4115,5
884,7
3563,2
1462,0
5501,5
4510,1
3823,3
2288,2
5153,5
1475,0
4865,6
3795,8
4695,1
6078,4
1494,0
6032,8
5617,3
1505,0
1506,0
6499,2
2139,3
1511,0
4625,6
1520,1
4291,5
4980,1
1530,0
2740,5
1534,0
2258,3
5509,5
1571,1
1543,0
6451,2
1545,0
6002,3
1609,1
5178,7
2211,3
3589,3
1554,0
2485,1
4762,2
1561,0
1564,0
4487,1
5669,0
1579,0
1586,0
1590,0
1593,0
1594,0
1604,0
3926,5
2934,1
1791,1
2514,2
3526,1
4910,5
4648,2
4379,2
1612,0
2224,0
6150,2
1614,0
5817,9
748,7
6058,7
1617,0
4429,6
5491,4
1621,0
3683,5
1623,0
2247,2
4470,6
1627,0
2195,1
1637,0
3429,0
5901,10
1646,0
1529,2
5819,1
1650,0
4299,6
3502,0
4036,2
1658,0
6223,4
1662,0
3530,0
5287,3
5685,10
5001,6
6378,4
2030,1
4295,3
1799,1
1696,0
1174,1
1700,0
1368,0
3815,0
4817,1
5309,2
4350,10
5469,6
3831,0
2523,1
4318,3
1714,0
4888,5
5465,13
3741,1
2959,2
5622,1
6487,1
5621,0
3254,3
1728,0
4039,3
2402,1
3568,3
1734,0
1954,1
5688,0
1742,0
3368,2
2286,1
4079,2
3321,1
3364,2
2326,2
5881,9
2775,2
6199,3
4456,3
2535,1
2802,4
5437,1
3638,6
4701,5
3954,5
2381,2
2646,1
1758,0
1764,0
2482,2
1767,0
6034,6
4223,4
1784,0
4656,3
5040,5
2779,1
1826,2
1795,0
1806,0
2582,2
945,4
4478,0
3230,4
5268,4
4423,2
5235,6
1831,0
6547,5
4824,3
2357,1
4462,5
4517,1
6302,3
4484,1
3872,4
2239,1
430,0
4602,0
2445,7
6026,3
5192,2
1882,0
6231,5
1884,0
5602,8
1885,0
1891,0
1896,0
5271,4
1906,0
1908,0
2180,8
5822,2
6361,2
3513,2
4616,4
5664,14
3264,1
2273,1
2023,2
1923,0
2933,6
4808,2
2994,1
5214,3
1973,1
1979,1
5793,2
3056,3
5301,0
1952,0
4822,1
5451,1
4366,5
2599,2
3826,1
2768,2
6307,9
4098,3
3065,3
3155,3
1989,0
1995,0
2290,1
2322,2
2003,0
4507,2
4569,1
3306,2
2700,1
2028,0
3809,1
2087,1
5078,5
5389,6
2039,0
4065,4
5695,1
5740,2
5180,4
2790,2
2930,3
5365,3
4607,5
5564,2
402,1
2044,0
2045,0
5332,3
4170,1
1468,1
2063,0
2064,0
4874,9
3139,2
2070,0
3698,2
2521,1
2073,0
2089,0
2093,0
6046,0
2969,1
6414,2
2105,0
4678,1
5399,6
2110,0
3622,3
5699,6
2052,1
2122,0
3407,7
2127,0
5692,1
2132,0
2533,0
6460,5
3500,2
2159,0
4887,4
3450,4
6087,3
6000,2
3584,1
5263,3
6213,1
2187,1
3894,5
5476,4
4071,2
1796,6
5801,9
5647,3
5840,7
1081,2
5963,4
4739,4
4912,2
6152,4
6184,14
6207,5
508,4
4999,5
3053,5
2167,0
2170,0
5196,2
6133,9
5475,4
2182,0
4301,2
2192,0
5392,1
3625,0
2198,0
3094,1
2207,0
2210,0
2212,0
5675,4
2551,0
5144,6
3574,3
2250,0
4226,2
4797,1
2284,0
2303,0
5198,1
5904,3
4995,4
2434,5
2316,0
2324,0
969,0
2338,0
3545,1
6097,1
3547,4
6290,1
5177,4
3326,3
6072,3
5813,7
3797,5
3903,4
4809,3
5337,2
6511,2
4937,1
2896,2
2499,1
2383,0
6513,7
4297,3
6008,11
5339,3
5851,3
2416,0
5132,2
5522,1
3594,3
2419,0
2421,0
1472,0
4415,0
2992,1
4074,2
6262,10
2463,0
4056,2
4794,3
3343,4
2474,0
4787,3
4336,1
6432,6
2505,0
5781,4
1597,1
2509,0
2511,0
2522,0
5550,9
5125,1
6007,1
2607,1
5849,1
2679,1
5248,5
3873,1
5323,1
4521,1
5762,2
3832,2
3796,1
5393,5
3825,1
5240,1
4641,4
6188,2
3988,3
5090,1
3165,1
2616,1
4293,1
6455,1
4636,1
2592,0
2600,0
5972,4
2919,1
4741,0
4143,2
3492,2
3671,1
6138,10
5780,5
3944,2
5477,1
2662,0
3684,1
3392,1
4704,1
4722,0
2697,0
3569,1
5926,5
2706,0
2635,0
2715,0
2719,0
2734,0
5262,6
6019,2
3533,1
4713,1
2774,0
2776,0
2793,0
5971,2
6308,3
1286,4
2810,0
4899,3
4482,1
2829,0
2830,0
2848,0
5846,1
4038,1
4266,2
4838,2
4961,2
4243,0
3375,2
4997,2
3814,1
2958,0
2960,0
5099,1
3020,1
2974,0
4962,2
2982,0
2983,0
5087,3
2997,0
4882,1
3924,1
6096,3
3042,0
3972,1
4661,3
3069,0
759,1
4959,2
3102,0
6201,0
4876,3
1744,1
5746,2
4177,2
4665,2
3178,0
5031,4
2457,2
4052,1
3215,0
3301,1
5092,1
3272,0
3279,0
3284,0
93,0
1853,3
5233,1
6295,2
5089,1
3393,1
450,0
6412,2
308,3
578,0
3379,0
6085,5
5459,1
6318,0
5273,1
6080,2
671,1
5570,2
3579,1
5211,1
4748,1
5127,2
5992,0
6411,5
5038,1
1682,1
4212,1
6425,2
3557,0
3950,1
5429,0
3581,0
3587,0
5942,2
6238,4
5063,2
3635,0
2906,2
6100,2
3729,0
4392,1
5294,2
1823,1
1091,5
5068,1
4101,1
3932,1
3841,0
5288,1
6392,2
4011,0
5816,4
6200,2
4556,2
4614,2
4201,1
4686,1
4167,0
2938,1
5450,2
4428,1
5630,1
4795,1
5855,1
6171,3
4541,1
4364,1
6372,1
4495,0
5052,1
4951,1
6052,3
4617,0
5097,1
2986,0
4771,0
5720,1
4857,1
4897,0
4947,0
5319,1
5048,0
6382,2
5122,0
5154,0
6540,2
5597,1
446,0
5482,0
6298,1
6406,0
6437,2
6448,1
5937,0
6428,1
5341,1
6426,0
